5.01565743,3.00672715
5.26213242,0.15759953
0.43458799,6.78826618
6.06337949,5.2257972
6.90462532,1.63453907
4.25881554,1.09932744
2.96164568,4.78651927
3.15244135,3.75104137
0.03261959,6.58705848
2.13966069,4.53138689
2.78827098,6.29139247
3.70437538,2.04642357
5.73165186,5.80975189
4.59195024,0.51015582
1.19780461,0.81561322
2.05576703,3.18589651
6.45396686,2.72475338
0.76191676,3.99510086
1.71047432,2.14873743
3.85264527,5.41260645
-
3.70437538,2.04642357
4.25881554,1.09932744
5.143562064,2.216908248
6.213708949,1.63453907
1.19780461,0.81561322
6.90462532,1.63453907
1.71047432,2.14873743
4.604507536,1.09932744
2.822620692,2.943249229
5.134174111,1.15499402
6.45396686,2.72475338
6.651198006,2.72475338
5.01565743,3.00672715
1.47357778,2.14873743
3.15244135,3.75104137
2.05576703,3.18589651
1.19780461,0.579771714
2.96164568,3.771130014
2.96164568,4.78651927
4.59195024,0.51015582
-
2.817063818,1.778308037
2.96164568,1.613388469
1.682595413,1.817797963
3.512377745,1.482899199
3.70437538,2.04642357
3.70437538,1.144450888
4.25881554,2.038094205
5.143562064,1.733244534
4.25881554,1.09932744
5.143562064,2.216908248
6.213708949,1.63453907
1.19780461,0.81561322
6.90462532,1.63453907
6.213708949,2.124209019
4.604507536,1.09932744
1.71047432,2.14873743
5.265383837,2.524140384
5.134174111,1.15499402
5.134174111,1.15499402
2.822620692,2.943249229
-
1.682595413,1.679397003
2.817063818,1.778308037
2.817063818,1.778308037
2.96164568,1.613388469
2.96164568,1.613388469
2.822620692,1.281808771
1.682595413,1.817797963
3.512377745,1.482899199
3.512377745,1.621893632
3.70437538,1.867753234
3.70437538,1.342916896
3.70437538,2.04642357
3.70437538,1.144450888
5.143562064,1.733244534
4.215908896,2.038094205
4.25881554,1.15158946
5.166863337,1.733244534
4.25881554,2.038094205
4.25881554,1.09932744
5.143562064,2.214109045
-
1.682595413,1.679397003
2.817063818,1.778308037
2.817063818,1.778308037
2.817063818,1.778308037
2.822620692,1.281808771
2.821197272,1.631497153
2.822620692,1.26492135
2.96164568,1.613388469
2.96164568,1.613388469
2.96164568,1.613388469
2.96164568,1.636350791
3.512377745,1.482899199
3.512377745,1.621893632
1.706713807,1.827718659
3.361618877,1.803225265
3.512377745,1.287218481
1.682595413,1.817797963
3.910170472,1.621893632
3.305710606,1.867753234
3.70437538,1.342916896
-
1.682595413,1.679397003
1.682595413,1.697668375
1.706713807,1.747719898
2.822620692,1.281808771
2.822620692,1.281808771
2.821197272,1.631497153
2.821197272,1.631497153
2.817063818,1.76017223
2.822620692,1.26492135
2.822620692,1.26492135
2.817063818,1.778308037
2.817063818,1.778308037
2.96164568,1.613388469
2.96164568,1.636350791
2.96164568,1.613388469
2.96164568,1.613388469
2.96164568,1.613388469
2.96164568,1.613388469
2.96164568,1.613388469
2.817063818,1.778308037
-
1.682595413,1.679397003
1.682595413,1.679397003
1.682595413,1.697668375
1.682595413,1.697668375
1.706713807,1.747719898
1.706713807,1.747719898
2.821197272,1.631497153
2.821197272,1.631497153
2.821197272,1.631497153
2.817063818,1.76017223
2.817063818,1.76017223
2.820719447,1.281808771
2.817063818,1.778308037
2.817063818,1.778308037
2.822620692,1.281808771
2.822620692,1.281808771
2.823098541,1.631497153
2.817063818,1.778308037
2.817063818,1.778308037
2.817063818,1.778308037
-
1.682595413,1.679397003
1.682595413,1.679397003
1.682595413,1.679397003
1.682595413,1.679397003
1.682595413,1.697668375
1.682595413,1.697668375
1.682595413,1.697668375
1.682595413,1.697668375
1.706713807,1.747719898
1.706713807,1.747719898
1.706713807,1.747719898
1.706713807,1.747719898
2.817063818,1.426862434
2.817063818,1.759429362
2.820719447,1.281808771
2.820719447,1.618642554
2.821197272,1.632630773
2.821197272,1.631497153
2.821197272,1.631497153
2.821197272,1.631497153
-
1.682595413,1.679397003
1.682595413,1.679397003
1.682595413,1.679397003
1.682595413,1.679397003
1.682595413,1.679397003
1.682595413,1.679397003
1.682595413,1.679397003
1.682595413,1.679397003
1.682595413,1.697668375
1.682595413,1.697668375
1.682595413,1.697668375
1.682595413,1.697668375
1.682595413,1.697668375
1.682595413,1.697668375
1.682595413,1.697668375
1.682595413,1.697668375
1.706713807,1.747719898
1.706713807,1.747719898
2.817063818,1.426862434
2.817063818,1.426862434
-
1.682595413,1.679397003
1.682595413,1.679397003
1.682595413,1.679397003
1.682595413,1.679397003
1.682595413,1.679397003
1.682595413,1.679397003
1.682595413,1.679397003
1.682595413,1.679397003
1.682595413,1.679397003
1.682595413,1.679397003
1.682595413,1.679397003
1.682595413,1.679397003
1.682595413,1.679397003
1.682595413,1.679397003
1.682595413,1.679397003
1.682595413,1.679397003
1.682595413,1.697668375
1.682595413,1.697668375
1.682595413,1.697668375
1.682595413,1.697668375
-
1.682595413,1.679397003
1.682595413,1.679397003
1.682595413,1.679397003
1.682595413,1.679397003
1.682595413,1.679397003
1.682595413,1.679397003
1.682595413,1.679397003
1.682595413,1.679397003
1.682595413,1.679397003
1.682595413,1.679397003
1.682595413,1.679397003
1.682595413,1.679397003
1.682595413,1.679397003
1.682595413,1.679397003
1.682595413,1.679397003
1.682595413,1.679397003
1.682595413,1.679397003
1.682595413,1.679397003
1.682595413,1.679397003
1.682595413,1.679397003
-
1.682595413,1.679397003
1.682595413,1.679397003
1.682595413,1.679397003
1.682595413,1.679397003
1.682595413,1.679397003
1.682595413,1.679397003
1.682595413,1.679397003
1.682595413,1.679397003
1.682595413,1.679397003
1.682595413,1.679397003
1.682595413,1.679397003
1.682595413,1.679397003
1.682595413,1.679397003
1.682595413,1.679397003
1.682595413,1.679397003
1.682595413,1.679397003
1.682595413,1.679397003
1.682595413,1.679397003
1.682595413,1.679397003
1.682595413,1.679397003
-
1.68259541,1.679397
1.68259541,1.679397
1.68259541,1.679397
1.68259541,1.679397
1.68259541,1.679397
1.68259541,1.679397
1.68259541,1.679397
1.68259541,1.679397
1.68259541,1.679397
1.68259541,1.679397
1.68259541,1.679397
1.68259541,1.679397
1.68259541,1.679397
1.68259541,1.679397
1.68259541,1.679397
1.68259541,1.679397
1.68259541,1.679397
1.68259541,1.679397
1.68259541,1.679397
1.68259541,1.679397
-
1.68259541,1.679397
1.68259541,1.679397
1.68259541,1.679397
1.68259541,1.679397
1.68259541,1.679397
1.68259541,1.679397
1.68259541,1.679397
1.68259541,1.679397
1.68259541,1.679397
1.68259541,1.679397
1.68259541,1.679397
1.68259541,1.679397
1.68259541,1.679397
1.68259541,1.679397
1.68259541,1.679397
1.68259541,1.679397
1.68259541,1.679397
1.68259541,1.679397
1.68259541,1.679397
1.68259541,1.679397
-
1.68259541,1.679397
1.68259541,1.679397
1.68259541,1.679397
1.68259541,1.679397
1.68259541,1.679397
1.68259541,1.679397
1.68259541,1.679397
1.68259541,1.679397
1.68259541,1.679397
1.68259541,1.679397
1.68259541,1.679397
1.68259541,1.679397
1.68259541,1.679397
1.68259541,1.679397
1.68259541,1.679397
1.68259541,1.679397
1.68259541,1.679397
1.68259541,1.679397
1.68259541,1.679397
1.68259541,1.679397
-
1.68259541,1.679397
1.68259541,1.679397
1.68259541,1.679397
1.68259541,1.679397
1.68259541,1.679397
1.68259541,1.679397
1.68259541,1.679397
1.68259541,1.679397
1.68259541,1.679397
1.68259541,1.679397
1.68259541,1.679397
1.68259541,1.679397
1.68259541,1.679397
1.68259541,1.679397
1.68259541,1.679397
1.68259541,1.679397
1.68259541,1.679397
1.68259541,1.679397
1.68259541,1.679397
1.68259541,1.679397
-
1.68259541,1.679397
1.68259541,1.679397
1.68259541,1.679397
1.68259541,1.679397
1.68259541,1.679397
1.68259541,1.679397
1.68259541,1.679397
1.68259541,1.679397
1.68259541,1.679397
1.68259541,1.679397
1.68259541,1.679397
1.68259541,1.679397
1.68259541,1.679397
1.68259541,1.679397
1.68259541,1.679397
1.68259541,1.679397
1.68259541,1.679397
1.68259541,1.679397
1.68259541,1.679397
1.68259541,1.679397
-
1.68259541,1.679397
1.68259541,1.679397
1.68259541,1.679397
1.68259541,1.679397
1.68259541,1.679397
1.68259541,1.679397
1.68259541,1.679397
1.68259541,1.679397
1.68259541,1.679397
1.68259541,1.679397
1.68259541,1.679397
1.68259541,1.679397
1.68259541,1.679397
1.68259541,1.679397
1.68259541,1.679397
1.68259541,1.679397
1.68259541,1.679397
1.68259541,1.679397
1.68259541,1.679397
1.68259541,1.679397
-
1.68259541,1.679397
1.68259541,1.679397
1.68259541,1.679397
1.68259541,1.679397
1.68259541,1.679397
1.68259541,1.679397
1.68259541,1.679397
1.68259541,1.679397
1.68259541,1.679397
1.68259541,1.679397
1.68259541,1.679397
1.68259541,1.679397
1.68259541,1.679397
1.68259541,1.679397
1.68259541,1.679397
1.68259541,1.679397
1.68259541,1.679397
1.68259541,1.679397
1.68259541,1.679397
1.68259541,1.679397
-
1.68259541,1.679397
1.68259541,1.679397
1.68259541,1.679397
1.68259541,1.679397
1.68259541,1.679397
1.68259541,1.679397
1.68259541,1.679397
1.68259541,1.679397
1.68259541,1.679397
1.68259541,1.679397
1.68259541,1.679397
1.68259541,1.679397
1.68259541,1.679397
1.68259541,1.679397
1.68259541,1.679397
1.68259541,1.679397
1.68259541,1.679397
1.68259541,1.679397
1.68259541,1.679397
1.68259541,1.679397
-
1.68259541,1.679397
1.68259541,1.679397
1.68259541,1.679397
1.68259541,1.679397
1.68259541,1.679397
1.68259541,1.679397
1.68259541,1.679397
1.68259541,1.679397
1.68259541,1.679397
1.68259541,1.679397
1.68259541,1.679397
1.68259541,1.679397
1.68259541,1.679397
1.68259541,1.679397
1.68259541,1.679397
1.68259541,1.679397
1.68259541,1.679397
1.68259541,1.679397
1.68259541,1.679397
1.68259541,1.679397
-
1.68259541,1.679397
1.68259541,1.679397
1.68259541,1.679397
1.68259541,1.679397
1.68259541,1.679397
1.68259541,1.679397
1.68259541,1.679397
1.68259541,1.679397
1.68259541,1.679397
1.68259541,1.679397
1.68259541,1.679397
1.68259541,1.679397
1.68259541,1.679397
1.68259541,1.679397
1.68259541,1.679397
1.68259541,1.679397
1.68259541,1.679397
1.68259541,1.679397
1.68259541,1.679397
1.68259541,1.679397
-
1.68259541,1.679397
1.68259541,1.679397
1.68259541,1.679397
1.68259541,1.679397
1.68259541,1.679397
1.68259541,1.679397
1.68259541,1.679397
1.68259541,1.679397
1.68259541,1.679397
1.68259541,1.679397
1.68259541,1.679397
1.68259541,1.679397
1.68259541,1.679397
1.68259541,1.679397
1.68259541,1.679397
1.68259541,1.679397
1.68259541,1.679397
1.68259541,1.679397
1.68259541,1.679397
1.68259541,1.679397
-
1.68259541,1.679397
1.68259541,1.679397
1.68259541,1.679397
1.68259541,1.679397
1.68259541,1.679397
1.68259541,1.679397
1.68259541,1.679397
1.68259541,1.679397
1.68259541,1.679397
1.68259541,1.679397
1.68259541,1.679397
1.68259541,1.679397
1.68259541,1.679397
1.68259541,1.679397
1.68259541,1.679397
1.68259541,1.679397
1.68259541,1.679397
1.68259541,1.679397
1.68259541,1.679397
1.68259541,1.679397
-
1.68259541,1.679397
1.68259541,1.679397
1.68259541,1.679397
1.68259541,1.679397
1.68259541,1.679397
1.68259541,1.679397
1.68259541,1.679397
1.68259541,1.679397
1.68259541,1.679397
1.68259541,1.679397
1.68259541,1.679397
1.68259541,1.679397
1.68259541,1.679397
1.68259541,1.679397
1.68259541,1.679397
1.68259541,1.679397
1.68259541,1.679397
1.68259541,1.679397
1.68259541,1.679397
1.68259541,1.679397
-
1.68259541,1.679397
1.68259541,1.679397
1.68259541,1.679397
1.68259541,1.679397
1.68259541,1.679397
1.68259541,1.679397
1.68259541,1.679397
1.68259541,1.679397
1.68259541,1.679397
1.68259541,1.679397
1.68259541,1.679397
1.68259541,1.679397
1.68259541,1.679397
1.68259541,1.679397
1.68259541,1.679397
1.68259541,1.679397
1.68259541,1.679397
1.68259541,1.679397
1.68259541,1.679397
1.68259541,1.679397
-
1.68259541,1.679397
1.68259541,1.679397
1.68259541,1.679397
1.68259541,1.679397
1.68259541,1.679397
1.68259541,1.679397
1.68259541,1.679397
1.68259541,1.679397
1.68259541,1.679397
1.68259541,1.679397
1.68259541,1.679397
1.68259541,1.679397
1.68259541,1.679397
1.68259541,1.679397
1.68259541,1.679397
1.68259541,1.679397
1.68259541,1.679397
1.68259541,1.679397
1.68259541,1.679397
1.68259541,1.679397
-
1.68259541,1.679397
1.68259541,1.679397
1.68259541,1.679397
1.68259541,1.679397
1.68259541,1.679397
1.68259541,1.679397
1.68259541,1.679397
1.68259541,1.679397
1.68259541,1.679397
1.68259541,1.679397
1.68259541,1.679397
1.68259541,1.679397
1.68259541,1.679397
1.68259541,1.679397
1.68259541,1.679397
1.68259541,1.679397
1.68259541,1.679397
1.68259541,1.679397
1.68259541,1.679397
1.68259541,1.679397
-
1.68259541,1.679397
1.68259541,1.679397
1.68259541,1.679397
1.68259541,1.679397
1.68259541,1.679397
1.68259541,1.679397
1.68259541,1.679397
1.68259541,1.679397
1.68259541,1.679397
1.68259541,1.679397
1.68259541,1.679397
1.68259541,1.679397
1.68259541,1.679397
1.68259541,1.679397
1.68259541,1.679397
1.68259541,1.679397
1.68259541,1.679397
1.68259541,1.679397
1.68259541,1.679397
1.68259541,1.679397
-
1.68259541,1.679397
1.68259541,1.679397
1.68259541,1.679397
1.68259541,1.679397
1.68259541,1.679397
1.68259541,1.679397
1.68259541,1.679397
1.68259541,1.679397
1.68259541,1.679397
1.68259541,1.679397
1.68259541,1.679397
1.68259541,1.679397
1.68259541,1.679397
1.68259541,1.679397
1.68259541,1.679397
1.68259541,1.679397
1.68259541,1.679397
1.68259541,1.679397
1.68259541,1.679397
1.68259541,1.679397
-
1.68259541,1.679397
1.68259541,1.679397
1.68259541,1.679397
1.68259541,1.679397
1.68259541,1.679397
1.68259541,1.679397
1.68259541,1.679397
1.68259541,1.679397
1.68259541,1.679397
1.68259541,1.679397
1.68259541,1.679397
1.68259541,1.679397
1.68259541,1.679397
1.68259541,1.679397
1.68259541,1.679397
1.68259541,1.679397
1.68259541,1.679397
1.68259541,1.679397
1.68259541,1.679397
1.68259541,1.679397
-
1.68259541,1.679397
1.68259541,1.679397
1.68259541,1.679397
1.68259541,1.679397
1.68259541,1.679397
1.68259541,1.679397
1.68259541,1.679397
1.68259541,1.679397
1.68259541,1.679397
1.68259541,1.679397
1.68259541,1.679397
1.68259541,1.679397
1.68259541,1.679397
1.68259541,1.679397
1.68259541,1.679397
1.68259541,1.679397
1.68259541,1.679397
1.68259541,1.679397
1.68259541,1.679397
1.68259541,1.679397
-
1.68259541,1.679397
1.68259541,1.679397
1.68259541,1.679397
1.68259541,1.679397
1.68259541,1.679397
1.68259541,1.679397
1.68259541,1.679397
1.68259541,1.679397
1.68259541,1.679397
1.68259541,1.679397
1.68259541,1.679397
1.68259541,1.679397
1.68259541,1.679397
1.68259541,1.679397
1.68259541,1.679397
1.68259541,1.679397
1.68259541,1.679397
1.68259541,1.679397
1.68259541,1.679397
1.68259541,1.679397
-
1.68259541,1.679397
1.68259541,1.679397
1.68259541,1.679397
1.68259541,1.679397
1.68259541,1.679397
1.68259541,1.679397
1.68259541,1.679397
1.68259541,1.679397
1.68259541,1.679397
1.68259541,1.679397
1.68259541,1.679397
1.68259541,1.679397
1.68259541,1.679397
1.68259541,1.679397
1.68259541,1.679397
1.68259541,1.679397
1.68259541,1.679397
1.68259541,1.679397
1.68259541,1.679397
1.68259541,1.679397
-
1.68259541,1.679397
1.68259541,1.679397
1.68259541,1.679397
1.68259541,1.679397
1.68259541,1.679397
1.68259541,1.679397
1.68259541,1.679397
1.68259541,1.679397
1.68259541,1.679397
1.68259541,1.679397
1.68259541,1.679397
1.68259541,1.679397
1.68259541,1.679397
1.68259541,1.679397
1.68259541,1.679397
1.68259541,1.679397
1.68259541,1.679397
1.68259541,1.679397
1.68259541,1.679397
1.68259541,1.679397
-
1.68259541,1.679397
1.68259541,1.679397
1.68259541,1.679397
1.68259541,1.679397
1.68259541,1.679397
1.68259541,1.679397
1.68259541,1.679397
1.68259541,1.679397
1.68259541,1.679397
1.68259541,1.679397
1.68259541,1.679397
1.68259541,1.679397
1.68259541,1.679397
1.68259541,1.679397
1.68259541,1.679397
1.68259541,1.679397
1.68259541,1.679397
1.68259541,1.679397
1.68259541,1.679397
1.68259541,1.679397
-
