1071.955389,247.0536013
683.0846889,266.1907422
1533.01535,297.7396616
1749.022691,328.5915253
1875.64806,371.5081189
1717.399404,303.5861076
854.4146395,198.1281233
2095.260521,411.7139267
1784.747291,317.199004
2045.844222,350.394739
2160.330083,396.9281177
1159.393016,181.3125129
1342.616342,227.057637
1278.513038,233.9092797
1269.690965,293.1083975
923.9059116,138.9709426
1415.956802,361.4829364
510.0514713,63.28963063
2224.110804,387.1796072
920.2764348,151.4130536
-
510.0514713,63.28963063
510.0514713,63.28963063
683.0846889,266.1907422
923.9059116,138.9709426
923.9059116,138.9709426
920.2764348,151.4130536
920.2764348,151.4130536
713.2212328,264.9406788
762.2955835,157.0047933
854.4146395,198.1281233
1159.393016,181.3125129
996.3613441,209.0886926
1321.722933,203.3191545
1071.955389,247.0536013
1211.316256,231.0558708
1266.256901,224.4095887
1342.616342,227.057637
1269.690965,293.1083975
1269.690965,293.1083975
1278.513038,233.9092797
-
510.0514713,63.28963063
510.0514713,63.28963063
510.0514713,63.28963063
510.0514713,63.28963063
762.2955835,157.0047933
833.1990573,117.2332656
632.0123153,167.1638832
923.9059116,138.9709426
923.9059116,138.9709426
920.2764348,151.4130536
920.2764348,151.4130536
713.2212328,264.9406788
678.6214503,265.8259032
825.3341508,170.897861
789.5229179,184.4087092
991.436242,154.1898687
683.0846889,266.1907422
854.4146395,198.1281233
1038.978531,174.9163432
996.3613441,209.0886926
-
447.077232,62.14315195
510.0514713,63.28963063
510.0514713,63.28963063
510.0514713,63.28963063
510.0514713,63.28963063
510.0514713,63.28963063
510.0514713,63.28963063
510.0514713,63.28963063
510.0514713,63.28963063
606.9008582,124.9922747
685.8882113,88.68171792
632.0123153,167.1638832
664.5311322,153.6784231
833.1990573,117.2332656
736.5861568,150.3778317
761.4615458,131.6937236
678.6214503,265.8259032
923.9059116,138.9709426
923.9059116,138.9709426
710.4908437,183.8612799
-
447.077232,62.14315195
470.9118438,60.36998477
508.629241,63.20437017
510.0514713,63.28963063
510.0514713,63.28963063
510.0514713,63.28963063
510.0514713,63.28963063
510.0514713,63.28963063
510.0514713,63.28963063
510.0514713,63.28963063
510.0514713,63.28963063
510.0514713,63.28963063
510.0514713,63.28963063
510.0514713,63.28963063
510.0514713,63.28963063
510.0514713,63.28963063
510.0514713,63.28963063
550.1039392,63.43722553
603.8027869,85.33140878
606.9008582,124.9922747
-
447.077232,62.14315195
455.5884521,56.43434973
470.9118438,60.36998477
464.083846,64.1562136
481.2656828,60.30266738
502.4291769,61.90742275
508.629241,63.20437017
510.0514713,63.28963063
510.0514713,63.28963063
510.0514713,63.28963063
510.0514713,63.28963063
510.0514713,63.28963063
510.0514713,63.28963063
510.0514713,63.28963063
510.0514713,63.28963063
510.0514713,63.28963063
510.0514713,63.28963063
510.0514713,63.28963063
510.0514713,63.28963063
510.0514713,63.28963063
-
455.5884521,56.43434973
451.017626,58.26655428
419.0962356,60.6217626
470.9118438,60.36998477
481.2656828,60.30266738
447.077232,62.14315195
451.8393327,61.05981856
484.9214823,60.68067424
464.083846,64.1562136
490.5109253,60.77648512
499.0125585,61.50445656
502.4291769,61.90742275
508.629241,63.20437017
508.0638538,67.38809863
510.0514713,63.28963063
510.0514713,63.28963063
510.0514713,63.28963063
510.0514713,63.28963063
510.0514713,63.28963063
510.0514713,63.28963063
-
419.0962356,60.6217626
445.7318273,56.02556719
427.2017469,61.13578502
455.5884521,56.43434973
451.017626,58.26655428
451.017626,58.26655428
436.9584912,61.73512237
470.9118438,60.36998477
451.8393327,61.05981856
477.0629819,59.21208298
447.077232,62.14315195
481.2656828,60.30266738
464.083846,64.1562136
465.6330689,63.10535492
484.9214823,60.68067424
490.5109253,60.77648512
499.0125585,61.50445656
496.7979473,62.96774992
499.5215503,61.56771886
501.9196,61.84279486
-
419.0962356,60.6217626
421.7804831,50.02924767
427.2017469,61.13578502
442.3533463,51.34956403
435.0986942,59.5194691
445.7318273,56.02556719
436.9584912,61.73512237
436.9584912,61.73512237
455.5884521,56.43434973
451.017626,58.26655428
451.017626,58.26655428
451.017626,58.26655428
451.017626,58.26655428
447.077232,62.14315195
470.9118438,60.36998477
470.9118438,60.36998477
451.8393327,61.05981856
473.593304,59.06915048
453.4383236,62.78417988
477.0629819,59.21208298
-
421.7804831,50.02924767
410.1325598,60.13755609
431.4028039,51.71882534
436.4807146,50.69076695
419.0962356,60.6217626
435.0986942,59.5194691
435.4364487,56.27962835
442.3533463,51.34956403
427.2017469,61.13578502
440.3227871,58.89848097
445.7318273,56.02556719
458.900315,55.78120486
456.5231788,55.83706182
433.4937835,61.51025503
468.1495993,55.82587245
436.9584912,61.73512237
436.9584912,61.73512237
447.4098603,58.6391754
455.5884521,56.43434973
451.017626,58.26655428
-
421.7804831,50.02924767
410.1325598,60.13755609
425.7112409,48.33702701
422.3547588,55.94024233
414.1993538,62.78060591
416.4673685,60.45936912
431.4028039,51.71882534
431.4028039,51.71882534
436.4807146,50.69076695
436.4807146,50.69076695
444.5326255,50.102219
424.3314186,59.98135592
419.0962356,60.6217626
419.0962356,60.6217626
431.7263743,55.06198552
442.3533463,51.34956403
427.2017469,61.13578502
444.6036316,52.23522173
435.4364487,56.27962835
435.0986942,59.5194691
-
406.1159119,59.89372356
410.6258351,47.0692109
406.2718296,59.60619985
421.7804831,50.02924767
425.7112409,48.33702701
410.1325598,60.13755609
422.3547588,55.94024233
425.5892732,54.59385775
436.4807146,50.69076695
436.4807146,50.69076695
436.4807146,50.69076695
436.4807146,50.69076695
427.4236441,50.89843503
438.3913572,49.50848343
414.1993538,62.78060591
416.4673685,60.45936912
444.5326255,50.102219
419.0962356,60.6217626
419.0962356,60.6217626
431.4028039,51.71882534
-
406.1159119,59.89372356
406.2718296,59.60619985
409.8996193,47.01454014
408.400852,56.85800262
408.2200773,60.00432928
410.6258351,47.0692109
410.1325598,60.13755609
410.0985033,60.16744648
421.7804831,50.02924767
415.4262223,50.768159
423.9804727,47.9268746
410.8335026,61.01826038
415.9781968,54.88519911
425.7112409,48.33702701
425.5892732,54.59385775
414.1993538,62.78060591
438.3913572,49.50848343
422.3547588,55.94024233
427.4236441,50.89843503
416.4673685,60.45936912
-
409.8996193,47.01454014
402.4909197,56.68752551
410.6258351,47.0692109
410.6258351,47.0692109
410.3597963,55.81287106
406.1159119,59.89372356
406.1159119,59.89372356
406.2718296,59.60619985
406.2718296,59.60619985
408.400852,56.85800262
415.4262223,50.768159
417.2554839,47.22081609
415.0386193,53.92661678
407.2816807,59.98573804
417.7085369,48.74635458
422.2409741,47.74864363
415.9781968,54.88519911
408.2200773,60.00432928
408.2200773,60.00432928
423.9804727,47.9268746
-
333.1161429,46.14538051
409.8996193,47.01454014
402.4909197,56.68752551
405.6390635,50.16168377
401.3597064,59.35669691
410.6258351,47.0692109
410.6258351,47.0692109
410.6258351,47.0692109
410.6258351,47.0692109
410.3597963,55.81287106
408.400852,56.85800262
406.2718296,59.60619985
406.2718296,59.60619985
406.2718296,59.60619985
404.3632255,59.96625822
405.2699432,59.85051467
417.2554839,47.22081609
406.0114512,59.88830066
410.6263655,55.83085375
413.4842128,52.13032495
-
333.1161429,46.14538051
344.533478,42.10670295
409.8996193,47.01454014
389.7769626,47.81619417
410.6258351,47.0692109
410.6258351,47.0692109
410.6258351,47.0692109
410.6258351,47.0692109
410.6258351,47.0692109
410.6258351,47.0692109
405.6390635,50.16168377
402.0283633,52.2215231
395.2339178,53.49947501
390.1536227,54.12409089
410.6626857,47.07353337
396.4993745,59.7126468
410.3255425,55.80991914
402.4909197,56.68752551
401.3597064,59.35669691
408.8243007,56.31073802
-
331.8199405,42.04173597
333.1161429,46.14538051
344.533478,42.10670295
345.7032018,47.50292796
392.1556525,45.72616446
389.7769626,47.81619417
409.8996193,47.01454014
390.1536227,54.12409089
410.6258351,47.0692109
410.6258351,47.0692109
405.0377664,49.86803444
402.0283633,52.2215231
395.2339178,53.49947501
392.3984077,53.67291919
410.6258351,47.0692109
410.6258351,47.0692109
410.6258351,47.0692109
410.6258351,47.0692109
410.6258351,47.0692109
410.6258351,47.0692109
-
331.8199405,42.04173597
328.300604,46.25243453
343.9828151,42.03989716
333.1161429,46.14538051
336.7563804,42.82984418
344.533478,42.10670295
392.1556525,45.72616446
345.5624404,47.49109446
392.0836324,45.75201581
345.7032018,47.50292796
409.8996193,47.01454014
386.801012,60.87120548
410.6258351,47.0692109
410.6258351,47.0692109
389.7769626,47.81619417
410.6258351,47.0692109
410.6258351,47.0692109
410.6258351,47.0692109
410.6258351,47.0692109
410.6258351,47.0692109
-
328.300604,46.25243453
326.8874502,46.57341303
328.9400193,41.31277593
331.8199405,42.04173597
334.7872187,41.56775235
333.1161429,46.14538051
343.9828151,42.03989716
335.8015315,42.55798393
344.533478,42.10670295
336.7563804,42.82984418
346.2040028,42.21240136
337.1118993,45.9463439
392.1556525,45.72616446
392.1556525,45.72616446
392.0836324,45.75201581
345.5624404,47.49109446
345.5624404,47.49109446
401.5099314,46.36805196
345.7032018,47.50292796
407.9791657,46.89796208
-
340.8865445,40.85240163
280.0760564,40.90000869
328.300604,46.25243453
326.8874502,46.57341303
328.9400193,41.31277593
328.0107309,46.32553455
327.232464,46.62046305
329.6819798,41.48106118
331.4420832,41.63139389
334.7751599,41.56538003
331.8199405,42.04173597
334.0894871,41.73216131
334.7872187,41.56775235
333.1161429,46.14538051
333.2725028,46.07569316
343.9828151,42.03989716
335.8015315,42.55798393
344.533478,42.10670295
344.533478,42.10670295
336.7563804,42.82984418
-
280.0760564,40.90000869
337.7747501,40.25629063
283.766858,41.09232737
340.8865445,40.85240163
328.9400193,41.31277593
328.6054988,45.79764163
322.3209014,46.20936277
329.6819798,41.48106118
329.6048614,42.09367378
329.4280178,45.03554886
332.5657352,41.45415956
328.300604,46.25243453
326.8874502,46.57341303
328.0107309,46.32553455
326.4068478,47.02048393
331.4420832,41.63139389
334.7751599,41.56538003
327.232464,46.62046305
331.8199405,42.04173597
331.8199405,42.04173597
-
280.0760564,40.90000869
297.6066921,38.39651462
284.6074848,40.63571758
283.766858,41.09232737
316.6623756,39.65609837
328.9400193,41.31277593
322.3209014,46.20936277
324.0281542,42.46058053
333.3600226,40.05096036
329.6819798,41.48106118
329.6048614,42.09367378
332.188868,41.43403411
326.4068478,47.02048393
326.4068478,47.02048393
326.5326468,44.65741526
324.4905093,49.55617239
337.7747501,40.25629063
335.24173,41.28335515
326.5851039,45.9109617
340.8865445,40.85240163
-
297.6066921,38.39651462
284.6074848,40.63571758
280.0715085,40.89980736
300.0693369,38.21500451
297.6112072,38.39666248
284.7916669,40.64189412
280.0760564,40.90000869
316.6623756,39.65609837
283.5855367,41.07963216
330.6871283,40.25003083
332.4395229,39.91441021
283.766858,41.09232737
333.3600226,40.05096036
314.6971997,41.21332371
337.7747501,40.25629063
322.3209014,46.20936277
322.3209014,46.20936277
324.0281542,42.46058053
328.9400193,41.31277593
335.24173,41.28335515
-
297.6066921,38.39651462
280.0715085,40.89980736
300.0693369,38.21500451
273.6406672,41.50588333
283.8934127,40.57107798
293.4335337,39.20970996
297.6112072,38.39666248
280.0760564,40.90000869
300.5890527,38.33977656
284.6074848,40.63571758
298.6639129,38.50360206
297.6152061,38.77339855
283.5855367,41.07963216
283.5855367,41.07963216
281.9774531,41.71302928
280.29105,41.97566954
284.7916669,40.64189412
319.4592795,39.32015576
283.766858,41.09232737
316.6623756,39.65609837
-
297.6066921,38.39651462
297.6066921,38.39651462
280.0715085,40.89980736
280.0715085,40.89980736
300.0693369,38.21500451
273.6406672,41.50588333
283.8934127,40.57107798
293.4335337,39.20970996
295.4614202,38.57119818
268.459515,44.58414655
300.5890527,38.33977656
300.5890527,38.33977656
277.6362536,41.61823917
296.3966929,38.81018035
284.6074848,40.63571758
284.6074848,40.63571758
280.0760564,40.90000869
297.6112072,38.39666248
280.0760564,40.90000869
297.6112072,38.39666248
-
297.6066921,38.39651462
297.6066921,38.39651462
297.6066921,38.39651462
297.6066921,38.39651462
280.0715085,40.89980736
280.0715085,40.89980736
280.0715085,40.89980736
280.0715085,40.89980736
300.0693369,38.21500451
273.6406672,41.50588333
295.4614202,38.57119818
268.459515,44.58414655
281.5171422,40.43659267
277.9351137,41.37166462
279.3302288,41.16782022
285.5603347,40.08227232
292.359653,38.76887751
286.5957495,39.95124672
291.2747274,38.90326685
300.5890527,38.33977656
-
300.0693369,38.21500451
268.459515,44.58414655
273.5419598,41.45146068
269.2375243,44.48605522
286.1258912,39.62928557
291.2747274,38.90326685
281.5171422,40.43659267
284.8610239,40.05980618
275.4775783,41.17053635
279.3302288,41.16782022
295.4614202,38.57119818
292.359653,38.76887751
294.6307746,38.72061102
297.6066921,38.39651462
297.6066921,38.39651462
280.0715085,40.89980736
280.0715085,40.89980736
297.6066921,38.39651462
297.6066921,38.39651462
297.6066921,38.39651462
-
300.0693369,38.21500451
300.0693369,38.21500451
268.459515,44.58414655
268.459515,44.58414655
273.5419598,41.45146068
269.2375243,44.48605522
288.8036615,39.28680323
286.1258912,39.62928557
281.5171422,40.43659267
291.2747274,38.90326685
284.8610239,40.05980618
273.5419598,41.45146068
275.4775783,41.17053635
283.1154473,40.20971877
279.3302288,41.16782022
269.2375243,44.48605522
294.7713672,38.54149507
292.359653,38.76887751
297.7388967,38.36434888
294.6307746,38.72061102
-
300.0693369,38.21500451
300.0693369,38.21500451
266.5360252,44.39565781
273.4634195,41.44837385
286.0954632,39.62814725
282.1914095,40.05036627
281.5171422,40.43659267
279.3302288,41.16782022
275.4775783,41.17053635
288.8036615,39.28680323
294.7713672,38.54149507
290.4576011,39.21728834
297.7388967,38.36434888
291.2747274,38.90326685
293.0736226,38.63133101
292.359653,38.76887751
298.1329037,38.32646687
279.3302288,41.16782022
300.0693369,38.21500451
300.0693369,38.21500451
-
300.0693369,38.21500451
300.0693369,38.21500451
258.2045154,44.56969502
261.1940912,44.20229332
273.4634195,41.44837385
279.3302288,41.16782022
288.8036615,39.28680323
275.4775783,41.17053635
281.5116755,40.5441518
282.1914095,40.05036627
286.0954632,39.62814725
286.0954632,39.62814725
290.2357187,39.06543413
297.7388967,38.36434888
294.7713672,38.54149507
291.2747274,38.90326685
281.5171422,40.43659267
282.1914095,40.05036627
298.9162189,38.31838283
294.6847143,38.55623539
-
258.2045154,44.56969502
302.1662727,38.04564718
261.1940912,44.20229332
273.4634195,41.44837385
273.4634195,41.44837385
279.3302288,41.16782022
282.8402399,39.87519945
280.8826511,40.68221995
294.6847143,38.55623539
275.4775783,41.17053635
286.0954632,39.62814725
291.2747274,38.90326685
286.0954632,39.62814725
259.6632427,44.49399964
288.8036615,39.28680323
297.7359402,38.36504114
288.8036615,39.28680323
260.2283925,44.23243394
291.2747274,38.90326685
298.9162189,38.31838283
-
302.1662727,38.04564718
302.1662727,38.04564718
273.4634195,41.44837385
273.4634195,41.44837385
282.8402399,39.87519945
294.6847143,38.55623539
288.8036615,39.28680323
288.8036615,39.28680323
297.7359402,38.36504114
298.9162189,38.31838283
275.010236,40.73710582
280.0253056,40.62231612
280.1083242,40.55614029
299.3109501,38.30476385
284.5453416,39.56840049
252.3181721,44.03763995
291.2675264,38.90310884
298.9237515,38.31824193
258.2045154,44.56969502
258.2045154,44.56969502
-
302.1662727,38.04564718
302.1662727,38.04564718
252.3181721,44.03763995
273.4634195,41.44837385
273.4634195,41.44837385
282.8402399,39.87519945
294.6847143,38.55623539
275.010236,40.73710582
284.5453416,39.56840049
280.2466295,40.530114
291.2675264,38.90310884
297.7359402,38.36504114
289.6050844,39.12223784
288.8036615,39.28680323
280.0253056,40.62231612
300.6186191,38.25556789
291.2577686,38.90328054
288.8036615,39.28680323
275.010236,40.73710582
299.3109501,38.30476385
-
302.1662727,38.04564718
302.1662727,38.04564718
252.3181721,44.03763995
268.2752155,42.49072459
273.4634195,41.44837385
284.5453416,39.56840049
273.4634195,41.44837385
280.2466295,40.530114
280.9210064,40.09049789
282.8402399,39.87519945
290.4369157,38.82700573
275.2775718,40.55112242
293.4136948,38.65840765
275.010236,40.73710582
297.7359402,38.36504114
289.6050844,39.12223784
295.6796424,38.5269628
288.8036615,39.28680323
299.3109501,38.30476385
294.6847143,38.55623539
-
302.1662727,38.04564718
302.1662727,38.04564718
252.3181721,44.03763995
268.0776484,42.6422781
252.615207,43.97145319
272.5622117,41.24507359
268.2752155,42.49072459
284.5453416,39.56840049
279.6101074,40.49958242
275.010236,40.73710582
290.4369157,38.82700573
288.7439642,39.34224266
275.2775718,40.55112242
293.4136948,38.65840765
289.6050844,39.12223784
280.9210064,40.09049789
297.7359402,38.36504114
282.8402399,39.87519945
299.3109501,38.30476385
282.8402399,39.87519945
-
302.1662727,38.04564718
302.1662727,38.04564718
252.3181721,44.03763995
266.2814498,42.17246384
252.615207,43.97145319
270.9316161,41.45876767
272.5622117,41.24507359
279.6101074,40.49958242
274.9911663,40.73625295
280.9210064,40.09049789
293.4136948,38.65840765
299.3109501,38.30476385
284.5453416,39.56840049
296.2103945,38.54868097
275.2775718,40.55112242
288.7439642,39.34224266
297.7359402,38.36504114
290.7223534,38.82429288
283.9947035,39.61805753
282.8402399,39.87519945
-
302.1662727,38.04564718
302.1662727,38.04564718
252.3181721,44.03763995
266.2814498,42.17246384
252.615207,43.97145319
270.9316161,41.45876767
272.5622117,41.24507359
276.9332583,40.40911081
284.5453416,39.56840049
298.1073277,38.29008892
296.2103945,38.54868097
288.7439642,39.34224266
290.3626349,38.90495314
288.752351,39.27575055
290.7223534,38.82429288
280.9210064,40.09049789
275.2775718,40.55112242
274.9911663,40.73625295
282.8402399,39.87519945
283.3415196,39.60267249
-
302.1662727,38.04564718
302.1662727,38.04564718
252.3181721,44.03763995
252.3181721,44.03763995
265.7614743,42.45659273
252.615207,43.97145319
270.9316161,41.45876767
296.2103945,38.54868097
280.9210064,40.09049789
290.7223534,38.82429288
274.9911663,40.73625295
284.5453416,39.56840049
266.2814498,42.17246384
288.7253388,39.28150328
266.2814498,42.17246384
298.9587691,38.19138015
272.5622117,41.24507359
298.1073277,38.29008892
276.9332583,40.40911081
290.3626349,38.90495314
-
302.1662727,38.04564718
302.1662727,38.04564718
252.3181721,44.03763995
252.3181721,44.03763995
252.615207,43.97145319
265.7614743,42.45659273
274.6828,40.3078657
278.2504768,39.97414682
284.5453416,39.56840049
272.5622117,41.24507359
294.1451652,38.50715929
270.2641946,41.84344208
286.9648017,39.19432783
298.1073277,38.29008892
270.9316161,41.45876767
290.7223534,38.82429288
298.9587691,38.19138015
289.3440353,39.02969866
266.2814498,42.17246384
290.3626349,38.90495314
-
302.1662727,38.04564718
302.1662727,38.04564718
252.3181721,44.03763995
252.3181721,44.03763995
265.7614743,42.45659273
284.5453416,39.56840049
252.615207,43.97145319
265.7614743,42.45659273
252.615207,43.97145319
278.2504768,39.97414682
294.1451652,38.50715929
270.0944397,41.83682181
273.8779443,40.82104532
266.2814498,42.17246384
297.0659312,38.25879307
270.9316161,41.45876767
290.7223534,38.82429288
286.9648017,39.19432783
274.6828,40.3078657
276.7577577,40.11489845
-
302.1662727,38.04564718
302.1662727,38.04564718
252.3181721,44.03763995
252.3181721,44.03763995
265.3919969,42.53187718
252.615207,43.97145319
252.615207,43.97145319
284.5453416,39.56840049
270.9316161,41.45876767
290.7223534,38.82429288
267.7042161,41.76005746
297.0659312,38.25879307
286.9648017,39.19432783
273.4330942,41.12658778
266.2814498,42.17246384
278.2504768,39.97414682
274.6828,40.3078657
292.4931484,38.55827503
274.2011802,40.79602666
295.6458951,38.4691616
-
302.1662727,38.04564718
302.1662727,38.04564718
252.3181721,44.03763995
252.3181721,44.03763995
265.3919969,42.53187718
278.2504768,39.97414682
284.5453416,39.56840049
270.5732639,40.96930188
267.7042161,41.76005746
252.615207,43.97145319
286.4585832,39.05261318
252.615207,43.97145319
274.6828,40.3078657
290.7223534,38.82429288
297.0659312,38.25879307
274.2011802,40.79602666
266.2814498,42.17246384
292.4931484,38.55827503
295.6458951,38.4691616
294.1023813,38.46990896
-
302.1662727,38.04564718
302.1662727,38.04564718
252.3181721,44.03763995
252.3181721,44.03763995
265.3919969,42.53187718
270.5732639,40.96930188
252.615207,43.97145319
267.6659775,41.75849237
252.615207,43.97145319
281.6809527,39.49199553
274.6828,40.3078657
290.7223534,38.82429288
286.4585832,39.05261318
285.0826001,39.16634412
280.9429129,39.96629482
297.0659312,38.25879307
278.2467319,39.97521179
292.4931484,38.55827503
266.2814498,42.17246384
274.2011802,40.79602666
-
302.1662727,38.04564718
302.1662727,38.04564718
252.3181721,44.03763995
252.3181721,44.03763995
264.8145534,42.24843697
252.615207,43.97145319
267.6659775,41.75849237
270.5732639,40.96930188
252.615207,43.97145319
281.6809527,39.49199553
273.2259265,40.77059032
297.0659312,38.25879307
286.218202,39.05247156
274.6828,40.3078657
281.385566,39.88988909
296.6506074,38.34697366
285.0826001,39.16634412
266.2814498,42.17246384
278.2467319,39.97521179
290.7223534,38.82429288
-
302.1662727,38.04564718
302.1662727,38.04564718
252.3181721,44.03763995
252.3181721,44.03763995
264.8145534,42.24843697
290.7223534,38.82429288
252.615207,43.97145319
252.615207,43.97145319
296.6506074,38.34697366
270.5732639,40.96930188
286.218202,39.05247156
297.0659312,38.25879307
267.6659775,41.75849237
273.2259265,40.77059032
266.2814498,42.17246384
267.6659775,41.75849237
278.0702586,39.9511906
274.6828,40.3078657
285.0826001,39.16634412
282.6940955,39.36631771
-
302.1662727,38.04564718
302.1662727,38.04564718
252.3181721,44.03763995
252.3181721,44.03763995
264.296516,42.60810183
290.7223534,38.82429288
270.5732639,40.96930188
252.615207,43.97145319
252.615207,43.97145319
296.6401444,38.34973031
273.2259265,40.77059032
282.0097127,39.43595378
278.0702586,39.9511906
267.6659775,41.75849237
267.6659775,41.75849237
274.6828,40.3078657
297.0659312,38.25879307
274.88514,40.25524114
277.854333,39.99374079
285.0826001,39.16634412
-
302.1662727,38.04564718
302.1662727,38.04564718
252.3181721,44.03763995
252.3181721,44.03763995
264.296516,42.60810183
264.296516,42.60810183
285.0819136,39.16631819
252.615207,43.97145319
252.615207,43.97145319
267.6659775,41.75849237
267.6659775,41.75849237
290.7223538,38.82429285
270.5732639,40.96930188
290.7223534,38.82429288
278.0702586,39.9511906
281.5889559,39.44675517
297.0659312,38.25879307
296.6401444,38.34973031
282.0097127,39.43595378
274.88514,40.25524114
-
302.1662727,38.04564718
302.1662727,38.04564718
252.3181721,44.03763995
252.3181721,44.03763995
264.296516,42.60810183
290.2310795,38.82383488
264.296516,42.60810183
252.615207,43.97145319
252.615207,43.97145319
274.88514,40.25524114
296.6401444,38.34973031
271.0763431,40.96706161
270.5732639,40.96930188
267.6659775,41.75849237
267.6659775,41.75849237
285.0819136,39.16631819
297.0659312,38.25879307
278.0702586,39.9511906
285.0819136,39.16631819
282.0097127,39.43595378
-
302.1662727,38.04564718
302.1662727,38.04564718
252.3181721,44.03763995
252.3181721,44.03763995
264.0106455,42.48070573
290.2061133,38.82007329
252.615207,43.97145319
252.615207,43.97145319
293.7472333,38.4121321
270.5732639,40.96930188
267.6659775,41.75849237
264.2985477,42.42465329
267.6659775,41.75849237
297.0659312,38.25879307
285.0819136,39.16631819
279.811327,39.77727433
273.3856585,40.65001689
278.0702586,39.9511906
276.2839482,40.13365679
285.0819136,39.16631819
-
302.1662727,38.04564718
302.1662727,38.04564718
252.3181721,44.03763995
252.3181721,44.03763995
264.0106455,42.48070573
267.0676949,41.72514338
290.2061133,38.82007329
252.615207,43.97145319
270.5732639,40.96930188
293.7472333,38.4121321
297.0659312,38.25879307
276.2839482,40.13365679
252.615207,43.97145319
272.3731375,40.64037062
284.744839,39.11320926
264.2985477,42.42465329
281.2869992,39.59001753
278.0702586,39.9511906
279.811327,39.77727433
283.7006205,39.30293311
-
302.1662727,38.04564718
302.1662727,38.04564718
252.1533289,43.97346685
263.4617364,42.24449384
252.6269294,43.96910001
267.0676949,41.72514338
290.2061133,38.82007329
270.5732639,40.96930188
293.7472333,38.4121321
276.2839482,40.13365679
297.0659312,38.25879307
272.3731375,40.64037062
284.744839,39.11320926
281.2869992,39.59001753
283.6825031,39.3054027
272.3610441,40.64252233
278.0702586,39.9511906
284.744839,39.11320926
278.5968113,39.87222308
280.778416,39.64766158
-
302.1662727,38.04564718
302.1662727,38.04564718
252.1533289,43.97346685
263.3301838,42.49658965
252.6269294,43.96910001
267.0676949,41.72514338
270.5732639,40.96930188
263.4617364,42.24449384
276.2839482,40.13365679
293.7472333,38.4121321
286.1321219,39.0706184
291.4313254,38.60392297
297.0659312,38.25879307
289.9986568,38.85978813
297.0659312,38.25879307
281.366135,39.54823174
270.7717238,40.9190111
272.3731375,40.64037062
279.1376524,39.66109122
272.3731375,40.64037062
-
302.1662727,38.04564718
302.1662727,38.04564718
252.1533289,43.97346685
263.3301838,42.49658965
252.6269294,43.96910001
281.366135,39.54823174
296.7929674,38.24115709
267.0676949,41.72514338
270.4636686,40.97357429
286.1321219,39.0706184
276.2839482,40.13365679
293.7472333,38.4121321
273.0297862,40.60176852
266.1166557,41.80454778
263.9244339,42.16769768
279.1376524,39.66109122
286.5238503,39.0276355
289.9986568,38.85978813
270.7717238,40.9190111
278.877527,39.97258495
-
302.1662727,38.04564718
302.1662727,38.04564718
251.4490809,44.09057831
263.3301838,42.49658965
252.6269294,43.96910001
296.7929674,38.24115709
252.6269294,43.96910001
286.1321219,39.0706184
276.2606038,40.06762632
273.8727238,40.42646615
263.9244339,42.16769768
289.9986568,38.85978813
269.5005822,41.23300856
293.7472333,38.4121321
267.4460014,41.42772315
281.366135,39.54823174
281.366135,39.54823174
279.1376524,39.66109122
265.7152674,41.88142041
293.7472333,38.4121321
-
302.1662727,38.04564718
302.1662727,38.04564718
251.4490809,44.09057831
263.3301838,42.49658965
252.6324519,43.96799815
273.8047828,40.40864795
289.9986568,38.85978813
293.5952236,38.40777698
265.7152674,41.88142041
267.4460014,41.42772315
279.1376524,39.66109122
269.5005822,41.23300856
286.1321219,39.0706184
263.9244339,42.16769768
296.7929674,38.24115709
286.1321219,39.0706184
276.4187589,40.03895103
281.366135,39.54823174
269.5005822,41.23300856
276.2606038,40.06762632
-
302.1662727,38.04564718
302.1662727,38.04564718
249.2539001,45.56710305
263.3301838,42.49658965
252.6324519,43.96799815
251.4490809,44.09057831
296.7929674,38.24115709
272.4387166,40.70085639
289.9986568,38.85978813
267.4008788,41.35809202
273.5847873,40.35074696
285.5309387,39.23775117
281.366135,39.54823174
265.7152674,41.88142041
293.5952236,38.40777698
279.1376524,39.66109122
269.5005822,41.23300856
276.4187589,40.03895103
288.0805427,38.96887516
276.2606038,40.06762632
-
302.1662727,38.04564718
302.1662727,38.04564718
249.2539001,45.56710305
252.6317049,43.96797452
263.1177314,42.5309582
251.4490809,44.09057831
293.5952236,38.40777698
269.5005822,41.23300856
289.9986568,38.85978813
279.1376524,39.66109122
267.4008788,41.35809202
263.3301838,42.49658965
288.0805427,38.96887516
296.7929674,38.24115709
283.1486404,39.47516362
265.7152674,41.88142041
265.7152674,41.88142041
272.4387166,40.70085639
276.4187589,40.03895103
273.5847873,40.35074696
-
302.1662727,38.04564718
302.1662727,38.04564718
249.2172914,45.56646756
262.5929876,42.43293791
252.6317049,43.96797452
251.4490809,44.09057831
283.1486404,39.47516362
288.0805427,38.96887516
293.5952236,38.40777698
296.7929674,38.24115709
289.9986568,38.85978813
269.5005822,41.23300856
267.4008788,41.35809202
263.5368568,42.22872178
279.1376524,39.66109122
271.6354058,40.75536975
273.5847873,40.35074696
276.4187589,40.03895103
278.6631473,39.79212108
265.8963544,41.8278046
-
302.1662727,38.04564718
302.1662727,38.04564718
249.2172914,45.56646756
262.5929876,42.43293791
253.8163665,43.81057396
249.9667764,44.47880412
296.7929674,38.24115709
273.5847873,40.35074696
289.9986568,38.85978813
276.4187589,40.03895103
293.5574134,38.41405472
251.4490809,44.09057831
265.8963544,41.8278046
286.18966,39.11907176
288.0805427,38.96887516
269.5005822,41.23300856
285.2301827,39.40863882
278.6631473,39.79212108
270.3973494,40.98983973
281.3747521,39.52469066
-
302.1662727,38.04564718
302.1662727,38.04564718
249.2172914,45.56646756
262.5929876,42.43293791
253.8163665,43.81057396
265.8963544,41.8278046
296.7929674,38.24115709
269.5005822,41.23300856
249.9667764,44.47880412
273.5847873,40.35074696
262.7967584,42.33913703
251.4490809,44.09057831
289.9986568,38.85978813
293.5574134,38.41405472
292.5140193,38.59925277
286.18966,39.11907176
285.2301827,39.40863882
288.0805427,38.96887516
276.4187589,40.03895103
270.3973494,40.98983973
-
302.1662727,38.04564718
302.1662727,38.04564718
249.2172914,45.56646756
253.8163665,43.81057396
262.5929876,42.43293791
285.2301827,39.40863882
273.5847873,40.35074696
249.9667764,44.47880412
296.7929674,38.24115709
276.4187589,40.03895103
269.5005822,41.23300856
265.8963544,41.8278046
251.4490809,44.09057831
276.4187589,40.03895103
293.5574134,38.41405472
264.9352343,41.94037591
289.9986568,38.85978813
262.7967584,42.33913703
270.3973494,40.98983973
270.3973494,40.98983973
-
302.1662727,38.04564718
302.1662727,38.04564718
249.2172914,45.56646756
249.2172914,45.56646756
262.4248223,42.46360509
285.2301827,39.40863882
289.9986568,38.85978813
276.4187589,40.03895103
253.8163665,43.81057396
253.8163665,43.81057396
249.9667764,44.47880412
285.4185854,39.37140421
273.4097852,40.39309525
276.4187589,40.03895103
293.5574134,38.41405472
264.9352343,41.94037591
293.363081,38.7620831
296.7929674,38.24115709
268.4972994,41.3161829
266.874529,41.74482949
-
302.1662727,38.04564718
302.1662727,38.04564718
249.2172914,45.56646756
249.2172914,45.56646756
262.4248223,42.46360509
249.9667764,44.47880412
273.4097852,40.39309525
253.8163665,43.81057396
253.8163665,43.81057396
278.3912844,39.96789486
289.9986568,38.85978813
269.0436711,41.28846183
285.2301827,39.40863882
264.9352343,41.94037591
285.4185854,39.37140421
296.7929674,38.24115709
293.363081,38.7620831
293.5574134,38.41405472
268.4972994,41.3161829
266.874529,41.74482949
-
302.1662727,38.04564718
302.1662727,38.04564718
249.2172914,45.56646756
249.2172914,45.56646756
262.4248223,42.46360509
273.4097852,40.39309525
249.9667764,44.47880412
278.6768876,39.90112671
285.2301827,39.40863882
253.8163665,43.81057396
296.7929674,38.24115709
253.8163665,43.81057396
278.3912844,39.96789486
285.4185854,39.37140421
253.5441487,43.82900703
266.874529,41.74482949
269.0436711,41.28846183
292.3168859,38.73206964
289.9986568,38.85978813
264.9352343,41.94037591
-
302.1662727,38.04564718
302.1662727,38.04564718
249.2172914,45.56646756
249.2172914,45.56646756
262.4248223,42.46360509
273.4097852,40.39309525
278.1439796,39.81237878
283.9065309,39.23679693
249.9667764,44.47880412
269.0436711,41.28846183
296.7929674,38.24115709
253.8163665,43.81057396
264.7604592,41.93637847
289.9986568,38.85978813
266.874529,41.74482949
253.8163665,43.81057396
253.5441487,43.82900703
294.966903,38.42963989
292.3168859,38.73206964
290.3121563,38.80628323
-
302.1662727,38.04564718
302.1662727,38.04564718
249.2172914,45.56646756
249.2172914,45.56646756
262.4248223,42.46360509
254.3545363,43.79392851
269.0436711,41.28846183
249.9667764,44.47880412
273.4097852,40.39309525
283.9065309,39.23679693
296.7929674,38.24115709
278.1439796,39.81237878
264.7604592,41.93637847
289.9986568,38.85978813
266.874529,41.74482949
274.7742843,40.15699818
252.2188573,43.82522181
280.2027084,39.54196256
281.8466551,39.45712641
294.966903,38.42963989
-
302.1662727,38.04564718
302.1662727,38.04564718
249.2172914,45.56646756
249.2172914,45.56646756
262.4248223,42.46360509
254.3545363,43.79392851
269.0436711,41.28846183
249.9667764,44.47880412
273.4097852,40.39309525
289.9986568,38.85978813
296.7929674,38.24115709
266.874529,41.74482949
278.1439796,39.81237878
252.2188573,43.82522181
283.9065309,39.23679693
294.966903,38.42963989
285.9064031,39.13037869
288.8503421,39.07591632
264.7604592,41.93637847
276.0285179,40.02763142
-
302.1662727,38.04564718
302.1662727,38.04564718
249.2172914,45.56646756
249.2172914,45.56646756
262.4248223,42.46360509
254.3545363,43.79392851
249.9667764,44.47880412
269.0436711,41.28846183
278.1439796,39.81237878
283.5593777,39.20612026
272.4527633,40.5198479
289.9986568,38.85978813
294.966903,38.42963989
264.7604592,41.93637847
252.2188573,43.82522181
266.874529,41.74482949
276.0285179,40.02763142
296.7929674,38.24115709
273.4097852,40.39309525
288.8503421,39.07591632
-
302.1662727,38.04564718
302.1662727,38.04564718
249.2172914,45.56646756
249.2172914,45.56646756
262.4248223,42.46360509
254.3545363,43.79392851
249.9667764,44.47880412
269.0436711,41.28846183
272.4527633,40.5198479
296.7929674,38.24115709
264.7604592,41.93637847
251.4758737,43.80916793
289.9986568,38.85978813
266.874529,41.74482949
276.0285179,40.02763142
279.9809212,39.66860451
293.3203078,38.43146833
283.5593777,39.20612026
282.5801195,39.30450808
288.8503421,39.07591632
-
302.1662727,38.04564718
302.1662727,38.04564718
249.2172914,45.56646756
249.2172914,45.56646756
262.4248223,42.46360509
254.3545363,43.79392851
249.9667764,44.47880412
269.0436711,41.28846183
293.3203078,38.43146833
289.6539459,38.84908438
264.7604592,41.93637847
251.4758737,43.80916793
266.874529,41.74482949
272.4353357,40.7097694
279.9809212,39.66860451
282.5801195,39.30450808
296.7929674,38.24115709
274.3620316,40.17358667
279.4783939,39.91840866
283.5593777,39.20612026
-
302.1662727,38.04564718
302.1662727,38.04564718
249.2172914,45.56646756
249.2172914,45.56646756
262.4248223,42.46360509
253.6042274,43.75009349
249.9667764,44.47880412
269.0436711,41.28846183
251.4758737,43.80916793
287.2663503,38.98646339
293.3203078,38.43146833
272.4353357,40.7097694
289.6539459,38.84908438
283.5593777,39.20612026
275.9417686,40.05859813
279.4783939,39.91840866
296.7929674,38.24115709
291.4607991,38.57779029
264.7604592,41.93637847
264.0019357,42.286968
-
302.1662727,38.04564718
302.1662727,38.04564718
249.2172914,45.56646756
249.2172914,45.56646756
262.4248223,42.46360509
253.6042274,43.75009349
272.4353357,40.7097694
279.2567442,39.85146274
275.9417686,40.05859813
296.7929674,38.24115709
249.9667764,44.47880412
287.2663503,38.98646339
251.4758737,43.80916793
269.0436711,41.28846183
283.5593777,39.20612026
269.0436711,41.28846183
293.3203078,38.43146833
289.1497402,38.71245239
264.7604592,41.93637847
291.4607991,38.57779029
-
302.1662727,38.04564718
302.1662727,38.04564718
249.2172914,45.56646756
249.2172914,45.56646756
249.9667764,44.47880412
264.5143737,41.92805765
283.5593777,39.20612026
275.9417686,40.05859813
262.4248223,42.46360509
296.7929674,38.24115709
253.6042274,43.75009349
262.4248223,42.46360509
253.6042274,43.75009349
287.2663503,38.98646339
269.0195449,41.37146588
251.4758737,43.80916793
272.4353357,40.7097694
279.2567442,39.85146274
293.2856916,38.43062582
272.4353357,40.7097694
-
302.1662727,38.04564718
302.1662727,38.04564718
249.2172914,45.56646756
249.2172914,45.56646756
252.739931,43.72476271
269.0195449,41.37146588
249.9667764,44.47880412
264.5143737,41.92805765
262.4248223,42.46360509
283.5593777,39.20612026
293.2856916,38.43062582
275.9417686,40.05859813
262.4248223,42.46360509
288.9473738,38.91598069
279.3685783,39.71451246
272.9842752,40.68448753
251.4758737,43.80916793
271.8854255,40.82827528
296.7929674,38.24115709
296.6566049,38.2435945
-
302.1662727,38.04564718
302.1662727,38.04564718
249.2172914,45.56646756
249.2172914,45.56646756
252.739931,43.72476271
288.9473738,38.91598069
283.5593777,39.20612026
249.9667764,44.47880412
279.0962977,39.6653209
262.4248223,42.46360509
264.5143737,41.92805765
262.4248223,42.46360509
272.9842752,40.68448753
268.4922911,41.67467265
275.9417686,40.05859813
296.7929674,38.24115709
293.2856916,38.43062582
270.1140369,41.21628938
251.3548035,43.84027006
275.9417686,40.05859813
-
302.1662727,38.04564718
302.1662727,38.04564718
248.6523175,45.55266901
252.739931,43.72476271
262.3002664,42.49826435
288.9473738,38.91598069
293.2856916,38.43062582
296.7929674,38.24115709
270.1140369,41.21628938
249.9667764,44.47880412
283.5593777,39.20612026
251.3548035,43.84027006
272.9842752,40.68448753
273.9522174,40.62047358
283.5593777,39.20612026
279.0962977,39.6653209
279.0962977,39.6653209
264.5143737,41.92805765
276.1040589,39.94166102
249.9667764,44.47880412
-
302.1662727,38.04564718
302.1662727,38.04564718
248.0328434,45.3689723
262.3002664,42.49826435
252.739931,43.72476271
270.1140369,41.21628938
288.9473738,38.91598069
264.5143737,41.92805765
293.2856916,38.43062582
296.7929674,38.24115709
276.1040589,39.94166102
280.9325539,39.45170265
283.5593777,39.20612026
249.9667764,44.47880412
263.964908,42.02648377
250.0143581,44.47852954
251.3548035,43.84027006
273.9522174,40.62047358
272.9842752,40.68448753
283.5593777,39.20612026
-
302.1662727,38.04564718
302.1662727,38.04564718
248.0328434,45.3689723
262.3002664,42.49826435
252.739931,43.72476271
270.1140369,41.21628938
288.9473738,38.91598069
296.7929674,38.24115709
249.9667764,44.47880412
251.3548035,43.84027006
276.1040589,39.94166102
293.2695474,38.43346996
272.9842752,40.68448753
276.6939163,39.91369216
280.3761672,39.48214623
273.9522174,40.62047358
283.5593777,39.20612026
263.964908,42.02648377
264.5143737,41.92805765
250.0143581,44.47852954
-
302.1662727,38.04564718
302.1662727,38.04564718
248.0328434,45.3689723
248.0328434,45.3689723
262.0966602,42.53813538
293.2695474,38.43346996
283.5593777,39.20612026
264.5143737,41.92805765
252.739931,43.72476271
252.739931,43.72476271
270.1140369,41.21628938
272.2112569,40.66465043
276.1040589,39.94166102
288.9558941,38.91452903
288.9473738,38.91598069
270.1140369,41.21628938
277.4362573,39.88972551
296.7929674,38.24115709
273.9522174,40.62047358
249.9667764,44.47880412
-
302.1662727,38.04564718
302.1662727,38.04564718
248.0328434,45.3689723
248.0328434,45.3689723
283.5593777,39.20612026
261.9715386,42.56695936
264.5143737,41.92805765
249.9667764,44.47880412
252.739931,43.72476271
277.4362573,39.88972551
296.7929674,38.24115709
252.739931,43.72476271
270.1140369,41.21628938
273.6721166,40.60803799
276.1040589,39.94166102
293.2695474,38.43346996
288.9558941,38.91452903
288.9473738,38.91598069
270.1140369,41.21628938
262.0966602,42.53813538
-
302.1662727,38.04564718
302.1662727,38.04564718
248.0328434,45.3689723
248.0328434,45.3689723
283.5593777,39.20612026
261.9715386,42.56695936
264.5143737,41.92805765
249.9667764,44.47880412
252.739931,43.72476271
277.4362573,39.88972551
293.2695474,38.43346996
296.7929674,38.24115709
252.739931,43.72476271
273.2529875,40.60269675
288.995754,38.91033611
274.7468697,40.14283388
288.9109579,38.92314875
271.7422079,41.01850773
270.1140369,41.21628938
270.1140369,41.21628938
-
302.1662727,38.04564718
302.1662727,38.04564718
248.0328434,45.3689723
248.0328434,45.3689723
261.9715386,42.56695936
283.5593777,39.20612026
277.4362573,39.88972551
252.739931,43.72476271
293.2695474,38.43346996
252.739931,43.72476271
267.5210089,41.66649811
249.9667764,44.47880412
249.9850594,44.32854483
296.7929674,38.24115709
288.9109579,38.92314875
273.2005557,40.37733809
263.9232392,42.49100411
272.9474191,40.77088368
271.7422079,41.01850773
264.5143737,41.92805765
-
302.1662727,38.04564718
302.1662727,38.04564718
248.0328434,45.3689723
248.0328434,45.3689723
261.8792468,42.55430553
267.5210089,41.66649811
252.739931,43.72476271
293.2695474,38.43346996
271.7422079,41.01850773
296.7929674,38.24115709
283.5593777,39.20612026
252.739931,43.72476271
249.9667764,44.47880412
288.9109579,38.92314875
249.9850594,44.32854483
277.4362573,39.88972551
276.6920248,40.15017208
264.5143737,41.92805765
288.7882996,39.00443031
283.8184459,39.16577113
-
302.1662727,38.04564718
302.1662727,38.04564718
248.0328434,45.3689723
248.0328434,45.3689723
261.2707012,42.68988427
277.4362573,39.88972551
252.739931,43.72476271
283.5593777,39.20612026
276.1530451,40.27720924
252.739931,43.72476271
271.7712514,41.01236312
249.9667764,44.47880412
268.4345197,41.47130028
261.8792468,42.55430553
288.9109579,38.92314875
264.5143737,41.92805765
249.9850594,44.32854483
293.2695474,38.43346996
296.7929674,38.24115709
288.7882996,39.00443031
-
302.1662727,38.04564718
302.1662727,38.04564718
248.0328434,45.3689723
248.0328434,45.3689723
261.2707012,42.68988427
271.7712514,41.01236312
276.1530451,40.27720924
252.739931,43.72476271
293.2695474,38.43346996
282.0628903,39.86145975
264.5143737,41.92805765
252.739931,43.72476271
268.4345197,41.47130028
283.5593777,39.20612026
249.9667764,44.47880412
277.4362573,39.88972551
261.8792468,42.55430553
288.9109579,38.92314875
249.9850594,44.32854483
266.8946417,41.74819742
-
302.1662727,38.04564718
302.1662727,38.04564718
248.0328434,45.3689723
248.0328434,45.3689723
293.2695474,38.43346996
261.2707012,42.68988427
271.7712514,41.01236312
264.5143737,41.92805765
252.739931,43.72476271
283.5593777,39.20612026
252.739931,43.72476271
275.6527776,40.31793458
267.8573283,41.30691442
249.9667764,44.47880412
282.0628903,39.86145975
277.4362573,39.88972551
288.9109579,38.92314875
250.271551,43.96566158
288.9109579,38.92314875
261.8792468,42.55430553
-
302.1662727,38.04564718
302.1662727,38.04564718
248.0328434,45.3689723
248.0328434,45.3689723
293.2695474,38.43346996
261.2707012,42.68988427
264.5143737,41.92805765
249.9667764,44.47880412
267.8573283,41.30691442
283.5593777,39.20612026
280.7381473,39.49346167
271.9284746,40.56203393
252.739931,43.72476271
252.739931,43.72476271
270.0765137,40.97831532
277.4362573,39.88972551
288.9109579,38.92314875
261.8792468,42.55430553
250.271551,43.96566158
275.6527776,40.31793458
-
302.1662727,38.04564718
302.1662727,38.04564718
248.0328434,45.3689723
248.0328434,45.3689723
288.9109579,38.92314875
264.5143737,41.92805765
249.9667764,44.47880412
267.8573283,41.30691442
293.2695474,38.43346996
283.5593777,39.20612026
277.4362573,39.88972551
252.739931,43.72476271
252.739931,43.72476271
270.0765137,40.97831532
261.2707012,42.68988427
261.8792468,42.55430553
261.2707012,42.68988427
293.2695474,38.43346996
275.6527776,40.31793458
271.9284746,40.56203393
-
302.1662727,38.04564718
302.1662727,38.04564718
248.0328434,45.3689723
248.0328434,45.3689723
249.9667764,44.47880412
261.2496861,42.69465142
277.4362573,39.88972551
264.5143737,41.92805765
252.739931,43.72476271
283.5593777,39.20612026
267.8573283,41.30691442
288.9109579,38.92314875
252.739931,43.72476271
293.2695474,38.43346996
292.7211942,38.53737251
284.2651622,39.08922683
261.8982044,42.54878743
275.6527776,40.31793458
271.9284746,40.56203393
270.0765137,40.97831532
-
302.1662727,38.04564718
302.1662727,38.04564718
248.0328434,45.3689723
248.0328434,45.3689723
249.9667764,44.47880412
261.2496861,42.69465142
264.5143737,41.92805765
277.4362573,39.88972551
252.739931,43.72476271
293.2695474,38.43346996
282.7260804,39.35299742
252.739931,43.72476271
275.6527776,40.31793458
269.7334261,40.95145888
261.8982044,42.54878743
267.8573283,41.30691442
292.7211942,38.53737251
284.2651622,39.08922683
288.9109579,38.92314875
288.8365038,38.93711074
-
302.1662727,38.04564718
302.1662727,38.04564718
248.0328434,45.3689723
248.0328434,45.3689723
261.2496861,42.69465142
249.9667764,44.47880412
264.5143737,41.92805765
277.4362573,39.88972551
252.739931,43.72476271
293.2695474,38.43346996
282.7260804,39.35299742
288.1536776,38.84193585
272.7249266,40.61850605
252.739931,43.72476271
274.6203181,40.18750769
269.7334261,40.95145888
284.2651622,39.08922683
267.8573283,41.30691442
292.7211942,38.53737251
261.9499459,42.52476939
-
302.1662727,38.04564718
302.1662727,38.04564718
248.0328434,45.3689723
248.0328434,45.3689723
261.2496861,42.69465142
249.9667764,44.47880412
264.5143737,41.92805765
252.739931,43.72476271
293.2695474,38.43346996
267.8573283,41.30691442
277.4362573,39.88972551
252.739931,43.72476271
269.7334261,40.95145888
284.2651622,39.08922683
262.130736,42.51005237
292.5551459,38.5609203
288.1536776,38.84193585
282.7260804,39.35299742
288.1536776,38.84193585
271.2191614,40.68210244
-
302.1662727,38.04564718
302.1662727,38.04564718
248.0328434,45.3689723
248.0328434,45.3689723
252.739931,43.72476271
293.2695474,38.43346996
277.4362573,39.88972551
267.8573283,41.30691442
252.739931,43.72476271
261.2496861,42.69465142
249.9667764,44.47880412
281.9560374,39.41844822
261.2496861,42.69465142
271.2191614,40.68210244
277.9966694,39.88055964
269.7334261,40.95145888
264.5143737,41.92805765
249.9667764,44.47880412
271.2191614,40.68210244
264.5143737,41.92805765
-
302.1662727,38.04564718
302.1662727,38.04564718
248.0328434,45.3689723
248.0328434,45.3689723
293.2695474,38.43346996
281.9560374,39.41844822
260.653767,42.67336312
252.739931,43.72476271
276.0477216,40.05177617
252.739931,43.72476271
249.9667764,44.47880412
264.5143737,41.92805765
264.5143737,41.92805765
267.8573283,41.30691442
249.9667764,44.47880412
271.2191614,40.68210244
271.2191614,40.68210244
268.1041503,41.27112745
277.9966694,39.88055964
277.9966694,39.88055964
-
302.1662727,38.04564718
302.1662727,38.04564718
248.0328434,45.3689723
248.0328434,45.3689723
260.653767,42.67336312
293.2695474,38.43346996
281.9560374,39.41844822
293.2695474,38.43346996
252.739931,43.72476271
276.0477216,40.05177617
281.9560374,39.41844822
252.739931,43.72476271
263.3250953,42.19191822
249.9667764,44.47880412
267.8573283,41.30691442
249.9667764,44.47880412
269.5729454,40.97657432
271.2191614,40.68210244
271.2191614,40.68210244
264.5143737,41.92805765
-
302.1662727,38.04564718
302.1662727,38.04564718
248.0328434,45.3689723
248.0328434,45.3689723
260.653767,42.67336312
284.9344749,39.26633127
293.2695474,38.43346996
252.739931,43.72476271
267.8573283,41.30691442
293.2695474,38.43346996
264.5143737,41.92805765
276.0477216,40.05177617
252.739931,43.72476271
276.0477216,40.05177617
249.8851319,44.52420343
281.9560374,39.41844822
281.9560374,39.41844822
263.3250953,42.19191822
249.9667764,44.47880412
269.5729454,40.97657432
-
302.1662727,38.04564718
302.1662727,38.04564718
248.0328434,45.3689723
248.0328434,45.3689723
260.4051693,42.64396032
284.9344749,39.26633127
269.5729454,40.97657432
293.2695474,38.43346996
293.2695474,38.43346996
279.9178626,39.65682641
252.739931,43.72476271
263.3250953,42.19191822
252.739931,43.72476271
249.8851319,44.52420343
252.1259641,44.03212434
264.9378543,41.86737273
276.0477216,40.05177617
276.4056159,40.05071623
276.0477216,40.05177617
249.9667764,44.47880412
-
302.1662727,38.04564718
302.1662727,38.04564718
247.7950977,47.84025478
269.5729454,40.97657432
260.4051693,42.64396032
284.9344749,39.26633127
248.0328434,45.3689723
264.9378543,41.86737273
293.2695474,38.43346996
301.4973589,38.10970881
293.2695474,38.43346996
252.739931,43.72476271
263.3250953,42.19191822
252.739931,43.72476271
281.6865712,39.4008544
250.4262684,43.97992277
249.8851319,44.52420343
276.0477216,40.05177617
276.0477216,40.05177617
279.9178626,39.65682641
-
302.1662727,38.04564718
302.1662727,38.04564718
247.7950977,47.84025478
269.5729454,40.97657432
260.4051693,42.64396032
284.9344749,39.26633127
248.0328434,45.3689723
293.2695474,38.43346996
275.7714067,40.12041141
264.9378543,41.86737273
301.2779391,38.04927068
293.2695474,38.43346996
252.739931,43.72476271
252.739931,43.72476271
250.4262684,43.97992277
263.3250953,42.19191822
279.9178626,39.65682641
248.4011582,44.93359174
281.6865712,39.4008544
249.8851319,44.52420343
-
302.1662727,38.04564718
302.1662727,38.04564718
247.7950977,47.84025478
269.5729454,40.97657432
275.7714067,40.12041141
284.9344749,39.26633127
248.0328434,45.3689723
264.9378543,41.86737273
260.4051693,42.64396032
279.9178626,39.65682641
252.739931,43.72476271
260.4051693,42.64396032
263.3250953,42.19191822
293.2695474,38.43346996
252.739931,43.72476271
299.7155255,38.1723186
294.7980732,38.37278733
250.0812851,43.97932929
249.8851319,44.52420343
248.4011582,44.93359174
-
302.1662727,38.04564718
302.1662727,38.04564718
247.7950977,47.84025478
269.5729454,40.97657432
284.9344749,39.26633127
247.937858,45.36695019
275.7714067,40.12041141
260.4051693,42.64396032
265.0643882,41.86726366
299.7155255,38.1723186
252.739931,43.72476271
260.4051693,42.64396032
293.2695474,38.43346996
252.739931,43.72476271
294.7980732,38.37278733
250.0812851,43.97932929
279.9178626,39.65682641
279.3693108,40.05939385
293.2695474,38.43346996
248.4011582,44.93359174
-
302.1662727,38.04564718
302.1662727,38.04564718
247.7950977,47.84025478
269.5729454,40.97657432
265.0643882,41.86726366
247.937858,45.36695019
284.9344749,39.26633127
275.7714067,40.12041141
250.0812851,43.97932929
252.739931,43.72476271
261.1490121,42.55302857
293.2695474,38.43346996
252.739931,43.72476271
279.9178626,39.65682641
260.4051693,42.64396032
299.7155255,38.1723186
281.7241966,39.34869246
249.2027515,44.82642885
260.4051693,42.64396032
277.0174938,40.04154176
-
302.1662727,38.04564718
302.1662727,38.04564718
247.7950977,47.84025478
293.2695474,38.43346996
269.5729454,40.97657432
247.937858,45.36695019
252.4593991,43.71495595
265.0643882,41.86726366
284.9344749,39.26633127
275.7714067,40.12041141
249.2027515,44.82642885
250.0812851,43.97932929
261.1490121,42.55302857
279.9178626,39.65682641
260.4051693,42.64396032
299.6854745,38.17886614
281.7241966,39.34869246
260.4051693,42.64396032
277.0174938,40.04154176
299.7155255,38.1723186
-
302.1662727,38.04564718
302.1662727,38.04564718
247.7950977,47.84025478
293.2695474,38.43346996
269.5729454,40.97657432
247.937858,45.36695019
265.0643882,41.86726366
252.4593991,43.71495595
248.3390262,44.81176551
284.9344749,39.26633127
260.4051693,42.64396032
250.0812851,43.97932929
299.6854745,38.17886614
284.9344749,39.26633127
261.5151811,42.4721376
260.4051693,42.64396032
275.7714067,40.12041141
275.7714067,40.12041141
276.9795015,40.04093295
281.7241966,39.34869246
-
302.1662727,38.04564718
302.1662727,38.04564718
247.7950977,47.84025478
252.4593991,43.71495595
247.937858,45.36695019
265.0643882,41.86726366
269.5729454,40.97657432
291.6754264,38.722934
293.2695474,38.43346996
286.1323384,39.03812225
269.4177144,41.78068821
261.4796362,42.47144519
260.4051693,42.64396032
279.2784893,39.59838945
299.2461593,38.2075734
250.0812851,43.97932929
281.7241966,39.34869246
260.4051693,42.64396032
275.7714067,40.12041141
276.9795015,40.04093295
-
302.1662727,38.04564718
302.1662727,38.04564718
247.7950977,47.84025478
252.4593991,43.71495595
247.8125986,45.99992444
247.937858,45.36695019
291.6754264,38.722934
272.0703795,40.75488263
293.2695474,38.43346996
261.4796362,42.47144519
260.4051693,42.64396032
269.4177144,41.78068821
269.5729454,40.97657432
250.0812851,43.97932929
286.1323384,39.03812225
279.2784893,39.59838945
275.5070976,40.16304402
265.0643882,41.86726366
260.4051693,42.64396032
299.2461593,38.2075734
-
302.1662727,38.04564718
302.1662727,38.04564718
247.6749803,46.6545087
286.1323384,39.03812225
265.0643882,41.86726366
279.2784893,39.59838945
250.0812851,43.97932929
299.2461593,38.2075734
291.6754264,38.722934
248.3705125,44.87452158
293.2695474,38.43346996
282.4526009,39.34966269
269.4177144,41.78068821
275.5070976,40.16304402
252.4593991,43.71495595
261.4796362,42.47144519
252.4593991,43.71495595
269.5729454,40.97657432
260.4051693,42.64396032
272.0703795,40.75488263
-
302.1662727,38.04564718
302.1662727,38.04564718
247.6749803,46.6545087
248.3705125,44.87452158
260.4051693,42.64396032
265.0643882,41.86726366
250.0812851,43.97932929
299.2461593,38.2075734
286.1323384,39.03812225
291.6754264,38.722934
271.7367427,40.75097904
269.4177144,41.78068821
252.4593991,43.71495595
261.4796362,42.47144519
252.4593991,43.71495595
269.5729454,40.97657432
293.2695474,38.43346996
274.7204911,40.17999264
275.5070976,40.16304402
278.8375723,39.66246546
-
302.1662727,38.04564718
302.1662727,38.04564718
247.6749803,46.6545087
248.3705125,44.87452158
286.1323384,39.03812225
260.4051693,42.64396032
269.5729454,40.97657432
291.673663,38.72283573
293.2695474,38.43346996
278.8375723,39.66246546
271.7367427,40.75097904
265.6396199,41.7588791
261.4796362,42.47144519
252.4593991,43.71495595
252.4593991,43.71495595
264.6835896,41.79035741
250.0812851,43.97932929
274.7204911,40.17999264
299.0918231,38.21953386
278.8375723,39.66246546
-
302.1662727,38.04564718
302.1662727,38.04564718
247.5820115,46.97326395
260.3743514,42.65240632
247.6749803,46.6545087
248.3705125,44.87452158
269.5729454,40.97657432
286.1323384,39.03812225
299.0918231,38.21953386
291.673663,38.72283573
249.9680603,43.97598567
252.4593991,43.71495595
252.4593991,43.71495595
261.4796362,42.47144519
264.6835896,41.79035741
278.8375723,39.66246546
274.7204911,40.17999264
286.1675998,39.03099471
293.852313,38.36692932
248.7606144,44.66683012
-
302.1662727,38.04564718
302.1662727,38.04564718
247.4263419,46.65034396
269.5729454,40.97657432
252.2440541,43.70745405
264.6835896,41.79035741
248.3705125,44.87452158
274.7204911,40.17999264
291.673663,38.72283573
293.852313,38.36692932
261.4796362,42.47144519
249.9680603,43.97598567
260.3743514,42.65240632
260.3743514,42.65240632
286.1675998,39.03099471
283.4041534,39.48578967
248.7606144,44.66683012
276.946255,40.08461184
278.8375723,39.66246546
299.0422338,38.22267879
-
302.1662727,38.04564718
302.1662727,38.04564718
247.4263419,46.65034396
268.9503874,40.95636028
264.6835896,41.79035741
252.2440541,43.70745405
248.3705125,44.87452158
274.7204911,40.17999264
286.1675998,39.03099471
291.673663,38.72283573
283.4041534,39.48578967
293.852313,38.36692932
299.0422338,38.22267879
261.4796362,42.47144519
260.3743514,42.65240632
249.9680603,43.97598567
260.3743514,42.65240632
278.8375723,39.66246546
248.7606144,44.66683012
276.946255,40.08461184
-
302.1662727,38.04564718
302.1662727,38.04564718
247.4263419,46.65034396
252.2440541,43.70745405
248.3705125,44.87452158
274.7204911,40.17999264
268.9503874,40.95636028
293.852313,38.36692932
278.8375723,39.66246546
286.1675998,39.03099471
283.4041534,39.48578967
260.3743514,42.65240632
249.9680603,43.97598567
268.8464284,41.38012374
291.673663,38.72283573
260.3743514,42.65240632
264.28495,42.06908449
276.946255,40.08461184
248.7606144,44.66683012
265.2456735,41.62358451
-
302.1662727,38.04564718
302.1662727,38.04564718
247.4263419,46.65034396
247.4263419,46.65034396
293.852313,38.36692932
268.9503874,40.95636028
248.3705125,44.87452158
291.673663,38.72283573
260.3743514,42.65240632
252.2440541,43.70745405
283.4041534,39.48578967
252.2440541,43.70745405
265.2456735,41.62358451
260.3743514,42.65240632
262.5423241,42.25034336
286.5857814,38.9412433
248.7606144,44.66683012
274.7204911,40.17999264
264.28495,42.06908449
249.9680603,43.97598567
-
302.1662727,38.04564718
302.1662727,38.04564718
247.4263419,46.65034396
247.4263419,46.65034396
283.4041534,39.48578967
268.9503874,40.95636028
293.852313,38.36692932
248.3705125,44.87452158
274.7204911,40.17999264
286.5857814,38.9412433
291.673663,38.72283573
265.2456735,41.62358451
274.7204911,40.17999264
252.2440541,43.70745405
249.8625393,43.97287524
260.3743514,42.65240632
252.2440541,43.70745405
260.3743514,42.65240632
262.5423241,42.25034336
248.7606144,44.66683012
-
302.1662727,38.04564718
302.1662727,38.04564718
247.4263419,46.65034396
247.4263419,46.65034396
268.9503874,40.95636028
293.852313,38.36692932
248.3705125,44.87452158
281.4609311,39.55180246
274.7204911,40.17999264
252.2440541,43.70745405
274.7204911,40.17999264
249.8625393,43.97287524
260.3743514,42.65240632
252.2440541,43.70745405
283.4041534,39.48578967
262.5423241,42.25034336
286.5857814,38.9412433
260.3743514,42.65240632
265.2456735,41.62358451
291.673663,38.72283573
-
302.1662727,38.04564718
302.1662727,38.04564718
247.4263419,46.65034396
247.4263419,46.65034396
248.3705125,44.87452158
259.4451701,43.01276783
293.852313,38.36692932
265.2456735,41.62358451
268.9503874,40.95636028
281.4609311,39.55180246
262.5423241,42.25034336
286.5857814,38.9412433
249.8625393,43.97287524
291.673663,38.72283573
273.4115819,40.6812724
274.7204911,40.17999264
252.2440541,43.70745405
252.2440541,43.70745405
283.6352281,39.24545581
274.7204911,40.17999264
-
302.1662727,38.04564718
302.1662727,38.04564718
247.4263419,46.65034396
247.4263419,46.65034396
259.4451701,43.01276783
248.3705125,44.87452158
262.5423241,42.25034336
265.2456735,41.62358451
268.7947742,40.95101117
276.2874195,40.10054369
293.852313,38.36692932
281.4609311,39.55180246
252.2440541,43.70745405
283.6352281,39.24545581
249.7193016,44.01186379
291.673663,38.72283573
252.2440541,43.70745405
286.592189,38.94009624
273.2087332,40.71215488
286.5857814,38.9412433
-
302.1662727,38.04564718
302.1662727,38.04564718
247.4263419,46.65034396
247.4263419,46.65034396
259.4451701,43.01276783
248.3705125,44.87452158
275.4583125,40.0702163
293.852313,38.36692932
268.7947742,40.95101117
281.4609311,39.55180246
249.7193016,44.01186379
291.673663,38.72283573
252.2440541,43.70745405
273.2087332,40.71215488
262.5423241,42.25034336
265.2456735,41.62358451
262.5423241,42.25034336
265.2456735,41.62358451
252.2440541,43.70745405
286.592189,38.94009624
-
302.1662727,38.04564718
302.1662727,38.04564718
247.4263419,46.65034396
247.4263419,46.65034396
248.3705125,44.87452158
281.4609311,39.55180246
286.592189,38.94009624
259.4451701,43.01276783
293.852313,38.36692932
273.2087332,40.71215488
249.7193016,44.01186379
276.5031391,40.06103511
268.7947742,40.95101117
252.2440541,43.70745405
291.673663,38.72283573
260.60755,42.6341559
267.6041573,41.29251257
275.4583125,40.0702163
252.2440541,43.70745405
265.2456735,41.62358451
-
302.1662727,38.04564718
302.1662727,38.04564718
247.4263419,46.65034396
247.4263419,46.65034396
248.3705125,44.87452158
281.4609311,39.55180246
265.2456735,41.62358451
293.852313,38.36692932
260.60755,42.6341559
273.2087332,40.71215488
249.7193016,44.01186379
291.673663,38.72283573
259.4451701,43.01276783
276.5031391,40.06103511
268.7947742,40.95101117
252.2440541,43.70745405
286.592189,38.94009624
267.6041573,41.29251257
275.4583125,40.0702163
252.2440541,43.70745405
-
302.1662727,38.04564718
302.1662727,38.04564718
247.4263419,46.65034396
247.4263419,46.65034396
248.3705125,44.87452158
281.4609311,39.55180246
286.592189,38.94009624
259.4451701,43.01276783
260.60755,42.6341559
272.6242092,40.70117855
249.7193016,44.01186379
291.673663,38.72283573
293.852313,38.36692932
276.5031391,40.06103511
252.2440541,43.70745405
265.2456735,41.62358451
275.4583125,40.0702163
268.7947742,40.95101117
252.2440541,43.70745405
265.2456735,41.62358451
-
302.1662727,38.04564718
302.1662727,38.04564718
247.4263419,46.65034396
247.4263419,46.65034396
259.4451701,43.01276783
293.852313,38.36692932
248.3705125,44.87452158
260.60755,42.6341559
272.6242092,40.70117855
249.7193016,44.01186379
264.2606402,41.81489508
291.673663,38.72283573
286.592189,38.94009624
276.5031391,40.06103511
252.2440541,43.70745405
284.6738122,39.10158405
266.5435502,41.41388269
281.4609311,39.55180246
252.2440541,43.70745405
268.7947742,40.95101117
-
302.1662727,38.04564718
302.1662727,38.04564718
247.4263419,46.65034396
247.4263419,46.65034396
248.3705125,44.87452158
293.852313,38.36692932
264.2606402,41.81489508
259.4451701,43.01276783
272.6242092,40.70117855
260.60755,42.6341559
268.7947742,40.95101117
266.5435502,41.41388269
291.673663,38.72283573
252.2440541,43.70745405
276.5031391,40.06103511
281.4609311,39.55180246
284.6738122,39.10158405
249.7193016,44.01186379
275.148701,40.15418658
252.2440541,43.70745405
-
302.1662727,38.04564718
302.1662727,38.04564718
247.4263419,46.65034396
247.4263419,46.65034396
248.3705125,44.87452158
284.6738122,39.10158405
293.852313,38.36692932
291.673663,38.72283573
260.60755,42.6341559
272.6242092,40.70117855
249.7193016,44.01186379
259.4451701,43.01276783
268.6230112,40.93543481
252.2440541,43.70745405
275.148701,40.15418658
281.0562957,39.65439433
264.2606402,41.81489508
276.9959196,40.0451083
281.4609311,39.55180246
252.2440541,43.70745405
-
302.1662727,38.04564718
302.1662727,38.04564718
247.4263419,46.65034396
247.4263419,46.65034396
248.3705125,44.87452158
284.6738122,39.10158405
268.6230112,40.93543481
260.60755,42.6341559
259.4148193,43.02108453
293.852313,38.36692932
264.2606402,41.81489508
291.673663,38.72283573
264.2606402,41.81489508
252.2440541,43.70745405
272.6242092,40.70117855
281.4609311,39.55180246
249.7193016,44.01186379
252.2440541,43.70745405
275.148701,40.15418658
279.6256759,39.90341641
-
302.1662727,38.04564718
302.1662727,38.04564718
247.4263419,46.65034396
247.4263419,46.65034396
293.852313,38.36692932
268.6230112,40.93543481
259.4148193,43.02108453
290.3263362,38.69925826
260.487399,42.61845446
248.1868468,45.04432274
272.6242092,40.70117855
281.4609311,39.55180246
279.6256759,39.90341641
264.2606402,41.81489508
264.2606402,41.81489508
252.2440541,43.70745405
285.080504,39.04686494
248.3705125,44.87452158
249.7193016,44.01186379
252.2440541,43.70745405
-
302.1662727,38.04564718
302.1662727,38.04564718
247.4263419,46.65034396
247.4263419,46.65034396
252.1955737,43.70576827
293.852313,38.36692932
268.6230112,40.93543481
259.4148193,43.02108453
285.080504,39.04686494
290.3263362,38.69925826
260.487399,42.61845446
248.1868468,45.04432274
278.4931918,40.48358734
249.5496852,44.00807674
264.2606402,41.81489508
264.2606402,41.81489508
279.6256759,39.90341641
248.3705125,44.87452158
272.6242092,40.70117855
281.4609311,39.55180246
-
302.1662727,38.04564718
302.1662727,38.04564718
247.4263419,46.65034396
247.4263419,46.65034396
252.1955737,43.70576827
293.852313,38.36692932
259.4148193,43.02108453
268.6230112,40.93543481
285.080504,39.04686494
278.4931918,40.48358734
271.3378589,40.70061316
249.5496852,44.00807674
281.4609311,39.55180246
248.1390838,45.21426645
264.3757569,41.79173401
278.9789247,39.81866354
264.1875785,42.00528467
248.3705125,44.87452158
260.7600246,42.55553433
289.9952803,38.70833734
-
302.1662727,38.04564718
302.1662727,38.04564718
247.4263419,46.65034396
247.4263419,46.65034396
275.6341458,40.02117851
289.9952803,38.70833734
271.3378589,40.70061316
248.1390838,45.21426645
249.5496852,44.00807674
260.7600246,42.55553433
281.4609311,39.55180246
293.852313,38.36692932
259.4148193,43.02108453
252.1955737,43.70576827
248.3705125,44.87452158
264.1875785,42.00528467
268.6230112,40.93543481
285.080504,39.04686494
252.1955737,43.70576827
293.852313,38.36692932
-
302.1662727,38.04564718
302.1662727,38.04564718
247.4263419,46.65034396
247.4263419,46.65034396
264.1875785,42.00528467
275.6341458,40.02117851
268.6230112,40.93543481
259.4148193,43.02108453
285.080504,39.04686494
281.4609311,39.55180246
289.9952803,38.70833734
293.852313,38.36692932
248.1390838,45.21426645
248.3705125,44.87452158
252.1955737,43.70576827
260.7600246,42.55553433
249.5496852,44.00807674
271.3378589,40.70061316
282.8257074,39.40685807
252.1955737,43.70576827
-
302.1662727,38.04564718
302.1662727,38.04564718
247.4263419,46.65034396
247.4263419,46.65034396
275.6341458,40.02117851
259.4148193,43.02108453
271.3378589,40.70061316
268.6230112,40.93543481
266.3152163,41.70371133
281.4609311,39.55180246
264.1875785,42.00528467
294.2506221,38.3667365
248.1390838,45.21426645
285.080504,39.04686494
252.1955737,43.70576827
260.7600246,42.55553433
289.6361635,38.72952181
252.1955737,43.70576827
249.0404007,44.22720703
289.9952803,38.70833734
-
302.1662727,38.04564718
302.1662727,38.04564718
247.4263419,46.65034396
247.4263419,46.65034396
248.1390838,45.21426645
259.4148193,43.02108453
281.4609311,39.55180246
249.0404007,44.22720703
285.080504,39.04686494
271.1967804,40.64208489
268.6230112,40.93543481
252.1955737,43.70576827
294.2506221,38.3667365
275.6341458,40.02117851
266.3152163,41.70371133
264.1875785,42.00528467
252.1955737,43.70576827
275.6341458,40.02117851
289.6361635,38.72952181
289.9952803,38.70833734
-
302.1662727,38.04564718
302.1662727,38.04564718
247.4263419,46.65034396
247.4263419,46.65034396
259.4148193,43.02108453
248.1390838,45.21426645
294.2506221,38.3667365
285.080504,39.04686494
264.1875785,42.00528467
271.1967804,40.64208489
275.6341458,40.02117851
268.6230112,40.93543481
281.4609311,39.55180246
266.3152163,41.70371133
249.0404007,44.22720703
252.1955737,43.70576827
275.6341458,40.02117851
281.4609311,39.55180246
250.7378574,43.78864637
252.1955737,43.70576827
-
302.1662727,38.04564718
302.1662727,38.04564718
247.4263419,46.65034396
247.4263419,46.65034396
259.4148193,43.02108453
248.1390838,45.21426645
264.1875785,42.00528467
252.1238996,43.70327811
271.1967804,40.64208489
285.080504,39.04686494
294.2506221,38.3667365
294.2506221,38.3667365
277.9969382,39.85879232
249.0404007,44.22720703
285.080504,39.04686494
268.6230112,40.93543481
266.3152163,41.70371133
281.4609311,39.55180246
250.7378574,43.78864637
275.6341458,40.02117851
-
302.1662727,38.04564718
302.1662727,38.04564718
247.4263419,46.65034396
247.4263419,46.65034396
259.4148193,43.02108453
248.1390838,45.21426645
252.1238996,43.70327811
285.5429661,39.00684362
294.2506221,38.3667365
275.6341458,40.02117851
249.0404007,44.22720703
263.8869067,42.13047084
294.2506221,38.3667365
271.1967804,40.64208489
277.9969382,39.85879232
266.3152163,41.70371133
268.6230112,40.93543481
281.5361342,39.54341228
250.7378574,43.78864637
281.4609311,39.55180246
-
302.1662727,38.04564718
302.1662727,38.04564718
247.4263419,46.65034396
247.4263419,46.65034396
252.1238996,43.70327811
285.5429661,39.00684362
259.4148193,43.02108453
294.2506221,38.3667365
275.6341458,40.02117851
268.6230112,40.93543481
294.2506221,38.3667365
248.1390838,45.21426645
259.4148193,43.02108453
263.8869067,42.13047084
249.0404007,44.22720703
285.2428189,39.06100415
266.3152163,41.70371133
263.8869067,42.13047084
248.1390838,45.21426645
281.5361342,39.54341228
-
302.1662727,38.04564718
302.1662727,38.04564718
247.4263419,46.65034396
247.4263419,46.65034396
281.5361342,39.54341228
275.6341458,40.02117851
252.1238996,43.70327811
285.5429661,39.00684362
268.6230112,40.93543481
266.3152163,41.70371133
294.2506221,38.3667365
249.0404007,44.22720703
294.2506221,38.3667365
260.0616454,42.78536859
248.1390838,45.21426645
259.4148193,43.02108453
271.7700338,40.46308671
285.2428189,39.06100415
248.1390838,45.21426645
272.6578762,40.3381939
-
302.1662727,38.04564718
302.1662727,38.04564718
247.4263419,46.65034396
247.4263419,46.65034396
252.1238996,43.70327811
280.7116827,39.52720759
266.3152163,41.70371133
259.4148193,43.02108453
249.0404007,44.22720703
285.5429661,39.00684362
268.6230112,40.93543481
275.6341458,40.02117851
264.9326123,42.7497029
294.2506221,38.3667365
294.2506221,38.3667365
248.1390838,45.21426645
260.0616454,42.78536859
248.1390838,45.21426645
272.6578762,40.3381939
285.2428189,39.06100415
-
302.1662727,38.04564718
302.1662727,38.04564718
247.4263419,46.65034396
247.4263419,46.65034396
266.3152163,41.70371133
252.1238996,43.70327811
259.4148193,43.02108453
260.489323,42.56861353
272.6578762,40.3381939
290.8076257,38.54433221
280.7116827,39.52720759
248.1390838,45.21426645
278.6831468,39.8042656
285.2428189,39.06100415
294.2506221,38.3667365
269.1065941,40.90406461
248.882011,44.58095637
285.5429661,39.00684362
268.6230112,40.93543481
249.0404007,44.22720703
-
302.1662727,38.04564718
302.1662727,38.04564718
247.4263419,46.65034396
247.4263419,46.65034396
266.3152163,41.70371133
252.1238996,43.70327811
248.1390838,45.21426645
294.2506221,38.3667365
272.6578762,40.3381939
290.8076257,38.54433221
280.7116827,39.52720759
259.4148193,43.02108453
277.4216819,39.94308886
260.489323,42.56861353
286.7412446,39.00546125
285.2428189,39.06100415
268.6230112,40.93543481
269.1065941,40.90406461
248.882011,44.58095637
260.489323,42.56861353
-
302.1662727,38.04564718
302.1662727,38.04564718
247.4263419,46.65034396
247.4263419,46.65034396
252.1238996,43.70327811
266.247085,41.60669894
259.4148193,43.02108453
260.5698264,42.54938936
248.1390838,45.21426645
285.2428189,39.06100415
294.2506221,38.3667365
286.4578688,38.99134204
280.7116827,39.52720759
272.6578762,40.3381939
248.882011,44.58095637
290.7658222,38.54435709
272.8862564,40.33108195
277.3443417,39.95471011
248.882011,44.58095637
280.2887805,39.6327554
-
302.1662727,38.04564718
302.1662727,38.04564718
247.4263419,46.65034396
247.4263419,46.65034396
266.247085,41.60669894
252.1238996,43.70327811
260.5698264,42.54938936
248.1390838,45.21426645
272.0750268,40.70397935
259.4148193,43.02108453
294.2506221,38.3667365
285.2428189,39.06100415
290.7658222,38.54435709
286.4578688,38.99134204
280.7116827,39.52720759
248.882011,44.58095637
248.882011,44.58095637
277.3443417,39.95471011
273.9056694,40.28794397
276.4354098,39.97524752
-
302.1662727,38.04564718
302.1662727,38.04564718
247.4263419,46.65034396
247.4263419,46.65034396
266.247085,41.60669894
272.0750268,40.70397935
260.5698264,42.54938936
259.4148193,43.02108453
252.1238996,43.70327811
248.1390838,45.21426645
280.7116827,39.52720759
294.2506221,38.3667365
251.2020531,44.14574191
277.3443417,39.95471011
248.882011,44.58095637
290.7658222,38.54435709
294.2506221,38.3667365
290.7658222,38.54435709
276.4354098,39.97524752
285.2428189,39.06100415
-
302.1662727,38.04564718
302.1662727,38.04564718
247.4263419,46.65034396
247.4263419,46.65034396
266.247085,41.60669894
270.5592442,40.67089608
252.1238996,43.70327811
248.1390838,45.21426645
280.7116827,39.52720759
276.4354098,39.97524752
259.4148193,43.02108453
248.882011,44.58095637
285.2428189,39.06100415
294.2506221,38.3667365
251.2020531,44.14574191
260.5698264,42.54938936
285.1213583,39.06813919
260.5698264,42.54938936
277.3443417,39.95471011
290.7658222,38.54435709
-
302.1662727,38.04564718
302.1662727,38.04564718
247.4263419,46.65034396
247.4263419,46.65034396
259.4148193,43.02108453
248.1238718,45.21399486
252.1238996,43.70327811
290.7658222,38.54435709
265.5339413,41.63026879
271.4894131,40.51784899
269.6133483,41.37441908
280.7116827,39.52720759
294.5150409,38.3552113
248.882011,44.58095637
276.4354098,39.97524752
285.2428189,39.06100415
285.1213583,39.06813919
270.5592442,40.67089608
260.5698264,42.54938936
251.2020531,44.14574191
-
302.1662727,38.04564718
302.1662727,38.04564718
247.4263419,46.65034396
247.4263419,46.65034396
265.5339413,41.63026879
259.4148193,43.02108453
276.4354098,39.97524752
252.1238996,43.70327811
260.5698264,42.54938936
248.1238718,45.21399486
294.5150409,38.3552113
290.7658222,38.54435709
280.7116827,39.52720759
269.6133483,41.37441908
271.4894131,40.51784899
248.882011,44.58095637
285.2428189,39.06100415
251.2020531,44.14574191
284.4022451,39.19237728
270.5592442,40.67089608
-
302.1662727,38.04564718
302.1662727,38.04564718
247.4263419,46.65034396
247.4263419,46.65034396
276.4354098,39.97524752
252.1238996,43.70327811
294.5150409,38.3552113
260.5698264,42.54938936
290.7658222,38.54435709
271.4894131,40.51784899
265.5339413,41.63026879
248.1238718,45.21399486
248.882011,44.58095637
285.6729445,39.00617655
259.4148193,43.02108453
280.7116827,39.52720759
284.4022451,39.19237728
269.6133483,41.37441908
265.5339413,41.63026879
270.5592442,40.67089608
-
302.1662727,38.04564718
302.1662727,38.04564718
247.4263419,46.65034396
247.4263419,46.65034396
252.1238996,43.70327811
259.4148193,43.02108453
276.4354098,39.97524752
248.1238718,45.21399486
294.5150409,38.3552113
260.5698264,42.54938936
290.7658222,38.54435709
280.7116827,39.52720759
264.7647002,41.77796148
285.6729445,39.00617655
271.4894131,40.51784899
249.6830905,44.43151254
269.6133483,41.37441908
248.882011,44.58095637
283.8353287,39.20505969
270.5592442,40.67089608
-
302.1662727,38.04564718
302.1662727,38.04564718
247.4263419,46.65034396
247.4263419,46.65034396
259.4148193,43.02108453
276.4354098,39.97524752
252.1238996,43.70327811
248.1238718,45.21399486
294.5150409,38.3552113
264.7647002,41.77796148
260.5698264,42.54938936
285.6729445,39.00617655
271.4894131,40.51784899
283.8353287,39.20505969
290.6730602,38.5587257
269.6133483,41.37441908
268.8922732,41.61243121
270.5592442,40.67089608
280.7116827,39.52720759
251.0783917,44.04824508
-
302.1662727,38.04564718
302.1662727,38.04564718
247.4263419,46.65034396
247.4263419,46.65034396
248.1051874,45.21358711
252.1238996,43.70327811
294.5150409,38.3552113
264.7647002,41.77796148
251.0783917,44.04824508
260.5698264,42.54938936
290.6730602,38.5587257
285.6729445,39.00617655
280.7116827,39.52720759
259.4148193,43.02108453
271.7495711,40.5142439
276.4354098,39.97524752
269.6133483,41.37441908
276.4354098,39.97524752
268.8922732,41.61243121
270.5592442,40.67089608
-
302.1662727,38.04564718
302.1662727,38.04564718
247.4263419,46.65034396
247.4263419,46.65034396
248.1051874,45.21358711
259.4148193,43.02108453
252.1238996,43.70327811
294.5150409,38.3552113
264.7647002,41.77796148
285.6729445,39.00617655
290.6730602,38.5587257
251.0783917,44.04824508
284.4269041,39.23086244
273.1730056,40.44242908
269.6133483,41.37441908
270.5592442,40.67089608
280.7116827,39.52720759
260.5698264,42.54938936
279.7400514,39.65138655
276.4354098,39.97524752
-
302.1662727,38.04564718
302.1662727,38.04564718
247.4263419,46.65034396
247.4263419,46.65034396
248.1051874,45.21358711
259.4148193,43.02108453
252.1238996,43.70327811
294.5150409,38.3552113
251.0783917,44.04824508
260.5698264,42.54938936
273.1730056,40.44242908
284.4269041,39.23086244
288.9461187,38.95533472
264.7647002,41.77796148
267.4684046,41.56308417
280.7116827,39.52720759
269.6133483,41.37441908
290.6730602,38.5587257
276.4354098,39.97524752
270.5592442,40.67089608
-
302.1662727,38.04564718
302.1662727,38.04564718
247.4263419,46.65034396
247.4263419,46.65034396
248.1051874,45.21358711
259.4148193,43.02108453
252.1238996,43.70327811
294.5150409,38.3552113
264.7647002,41.77796148
284.4269041,39.23086244
251.0783917,44.04824508
288.9461187,38.95533472
273.1730056,40.44242908
261.3805893,42.52535616
280.7116827,39.52720759
290.6730602,38.5587257
269.0605973,41.22734918
267.4684046,41.56308417
276.3150566,39.9758588
279.7715148,39.95244917
-
302.1662727,38.04564718
302.1662727,38.04564718
247.4263419,46.65034396
247.4263419,46.65034396
273.1730056,40.44242908
252.1238996,43.70327811
251.0540979,43.99246531
264.7647002,41.77796148
248.1051874,45.21358711
261.3805893,42.52535616
294.5150409,38.3552113
269.0605973,41.22734918
288.9461187,38.95533472
248.1051874,45.21358711
259.4148193,43.02108453
276.3150566,39.9758588
279.7715148,39.95244917
284.4269041,39.23086244
259.4148193,43.02108453
281.192303,39.43030005
-
302.1662727,38.04564718
302.1662727,38.04564718
247.4263419,46.65034396
247.4263419,46.65034396
294.5150409,38.3552113
264.7647002,41.77796148
288.9461187,38.95533472
252.1238996,43.70327811
251.0540979,43.99246531
261.3805893,42.52535616
248.1051874,45.21358711
269.0605973,41.22734918
273.1730056,40.44242908
284.4269041,39.23086244
259.4148193,43.02108453
272.1447733,41.07917249
248.1051874,45.21358711
279.0112772,39.64859102
281.192303,39.43030005
259.4148193,43.02108453
-
302.1662727,38.04564718
302.1662727,38.04564718
247.4263419,46.65034396
247.4263419,46.65034396
288.4768115,38.89090235
252.1238996,43.70327811
251.0540979,43.99246531
248.1051874,45.21358711
294.5150409,38.3552113
264.7647002,41.77796148
273.6478462,40.3970736
284.4269041,39.23086244
259.4148193,43.02108453
296.0263196,38.23630059
261.3805893,42.52535616
272.1447733,41.07917249
248.1051874,45.21358711
263.6540842,42.17796066
281.192303,39.43030005
279.0112772,39.64859102
-
302.1662727,38.04564718
302.1662727,38.04564718
247.4263419,46.65034396
247.4263419,46.65034396
269.7607647,41.28274271
264.7647002,41.77796148
294.5150409,38.3552113
249.3466778,44.37328903
284.4269041,39.23086244
259.4148193,43.02108453
248.1051874,45.21358711
273.6478462,40.3970736
261.3805893,42.52535616
272.1447733,41.07917249
252.1238996,43.70327811
288.4768115,38.89090235
263.6540842,42.17796066
288.4768115,38.89090235
279.0112772,39.64859102
296.0263196,38.23630059
-
