sol_irr,T_amb
0,5
0,5
0,5
0,5.6
0,6.1
0,7.8
0,6.7
0,6.7
11,7.8
58,7.8
101,8.9
62,9.4
73,6.1
106,6.7
72,6.7
35,6.1
4,6.1
0,6.1
0,6.1
0,6.1
0,5.6
0,6.1
0,6.1
0,6.1
0,6.7
0,6.1
0,6.1
0,6.7
0,6.1
0,6.1
0,6.1
0,6.7
14,6.7
63,6.7
106,8.3
148,8.9
82,7.8
80,8.3
80,7.8
44,7.8
4,8.9
0,9.4
0,8.9
0,8.3
0,7.2
0,6.7
0,6.7
0,7.2
0,7.2
0,8.9
0,8.3
0,8.3
0,7.8
0,7.8
0,7.8
0,7.2
27,7.2
81,7.2
199,7.8
84,7.8
150,8.9
136,8.9
48,8.3
28,7.8
5,7.2
0,7.2
0,6.7
0,7.2
0,7.2
0,7.2
0,7.2
0,6.7
0,6.1
0,6.1
0,6.1
0,5.6
0,5.6
0,5
0,6.1
0,5.6
13,5.6
35,5.6
101,6.7
124,6.7
124,7.8
108,7.8
98,7.8
48,7.8
5,7.2
0,6.7
0,5
0,4.4
0,4.4
0,5
0,3.9
0,3.3
0,1.7
0,2.8
0,2.2
0,0
0,0
0,-1.1
0,0.6
0,0.6
39,-0.6
149,2.8
116,2.2
142,2.8
121,3.3
258,5
197,6.7
89,6.1
19,3.9
0,3.3
0,2.2
0,2.2
0,2.8
0,2.8
0,0
0,-0.6
0,-2.2
0,-1.7
0,-1.7
0,-1.7
0,-1.1
0,-1.7
0,-2.2
0,-2.8
30,-2.2
126,-1.1
190,-0.6
259,0.6
259,1.1
161,3.9
176,3.3
70,3.3
9,1.7
0,1.1
0,0.6
0,1.1
0,1.1
0,0.6
0,0
0,-1.1
0,-1.7
0,-1.7
0,-1.7
0,-1.7
0,-2.2
0,-2.2
0,-2.2
0,-3.9
22,-3.3
118,-2.2
167,-1.7
282,-0.6
274,0.6
276,2.8
197,3.3
89,2.8
15,2.2
0,1.7
0,2.2
0,0
0,-0.6
0,0.6
0,1.1
0,-1.1
0,-0.6
0,0
0,-1.7
0,-2.2
0,-1.7
0,-2.2
0,-3.9
0,-3.3
20,-1.7
69,-1.7
243,0.6
303,1.7
316,4.4
279,5
198,5.6
91,4.4
16,2.2
0,3.3
0,3.3
0,2.8
0,2.2
0,2.8
0,2.8
0,2.2
0,2.2
0,1.1
0,1.7
0,0.6
0,0.6
0,-1.7
0,-0.6
0,0
30,0.6
116,2.2
212,4.4
272,6.7
287,6.7
209,7.8
130,5.6
57,5
7,5
0,5
0,5.6
0,5.6
0,5
0,5.6
0,5.6
0,6.1
0,6.1
0,5.6
0,5.6
0,5.6
0,5.6
0,5
0,3.9
0,5
39,5.6
134,6.7
154,7.2
121,7.8
151,8.9
71,9.4
115,8.9
62,10
14,10
0,9.4
0,9.4
0,8.9
0,9.4
0,10
0,8.9
0,8.9
0,9.4
0,10
0,9.4
0,9.4
0,10
0,10
0,9.4
0,9.4
21,10
95,10.6
115,11.1
151,11.1
181,11.7
252,14.4
114,14.4
46,14.4
10,12.2
0,12.8
0,12.2
0,12.8
0,11.1
0,11.1
0,9.4
0,8.3
0,8.3
0,9.4
0,7.8
0,7.2
0,6.7
0,6.7
0,6.7
0,6.7
23,6.7
36,6.7
110,7.2
79,7.2
185,7.8
163,8.3
56,7.2
69,7.8
9,7.2
0,6.7
0,5
0,5.6
0,5.6
0,5.6
0,5
0,4.4
0,3.9
0,3.9
0,3.9
0,3.9
0,3.3
0,3.3
0,2.8
1,2.8
30,2.8
91,3.3
130,3.9
145,4.4
114,5
141,5
76,5
24,3.3
4,2.2
0,1.1
0,0.6
0,0.6
0,0.6
0,0.6
0,0.6
0,0.6
0,1.1
0,1.7
0,2.2
0,1.7
0,2.2
0,2.2
0,2.2
1,2.2
17,2.2
112,2.8
158,2.8
309,3.9
228,5
250,5
198,5
94,3.9
17,2.8
0,2.2
0,1.1
0,1.1
0,0.6
0,0.6
0,0
0,-0.6
0,-1.7
0,-1.7
0,-2.8
0,-3.3
0,-2.8
0,-2.2
0,-3.3
1,-3.9
33,-2.8
120,-1.1
143,0
210,0.6
248,1.7
183,2.2
100,1.7
47,1.7
15,1.1
0,0.6
0,1.1
0,-1.1
0,0.6
0,0
0,0
0,-0.6
0,-0.6
0,-1.1
0,-1.7
0,-2.2
0,-2.2
0,-2.2
0,-1.7
0,-1.1
28,-0.6
80,0
70,1.1
215,1.7
161,2.2
128,2.2
99,2.2
65,2.2
13,1.7
0,1.7
0,1.7
0,1.7
0,1.7
0,1.7
0,1.7
0,1.7
0,1.1
0,1.1
0,1.1
0,1.7
0,1.7
0,1.1
0,1.7
1,1.7
27,1.7
89,2.8
150,2.8
171,3.9
233,4.4
275,4.4
175,4.4
65,3.9
19,3.9
0,2.8
0,3.3
0,2.8
0,2.2
0,2.8
0,2.2
0,2.2
0,1.7
0,1.1
0,1.7
0,1.7
0,1.7
0,2.2
0,2.8
0,3.3
23,3.3
73,3.9
71,4.4
117,4.4
165,4.4
128,4.4
91,4.4
54,3.9
17,3.3
0,3.3
0,2.8
0,3.3
0,3.3
0,3.3
0,3.3
0,3.3
0,3.3
0,2.8
0,2.2
0,2.8
0,2.8
0,2.8
0,2.2
0,2.8
24,2.8
123,3.3
198,3.9
149,4.4
292,4.4
290,5.6
181,4.4
77,3.9
27,3.9
0,2.8
0,2.2
0,1.7
0,1.7
0,1.1
0,0.6
0,0.6
0,1.1
0,0
0,0
0,-0.6
0,0
0,0
0,-0.6
5,0.6
44,0.6
152,3.9
259,5.6
334,5.6
366,6.7
321,6.7
189,7.2
125,5.6
26,4.4
0,3.3
0,2.8
0,2.8
0,1.7
0,1.1
0,1.1
0,0.6
0,1.1
0,0
0,0
0,1.1
0,0.6
0,0.6
0,-0.6
0,-0.6
51,-1.1
68,-0.6
110,-0.6
126,0.6
162,1.7
164,2.8
161,3.3
83,3.3
13,4.4
0,4.4
0,2.2
0,1.7
0,1.7
0,2.8
0,1.7
0,1.1
0,1.7
0,1.7
0,1.1
0,-0.6
0,0.6
0,1.7
0,2.2
0,2.8
20,3.3
128,4.4
154,6.1
211,6.1
221,7.2
170,7.8
106,7.8
60,7.8
19,6.7
0,5.6
0,5.6
0,5.6
0,6.1
0,6.1
0,5.6
0,5.6
0,5
0,4.4
0,5
0,4.4
0,4.4
0,3.9
0,4.4
2,3.9
19,3.9
50,4.4
79,4.4
116,5
185,6.7
155,7.2
104,8.3
84,7.8
29,6.7
0,6.1
0,5.6
0,5
0,4.4
0,4.4
0,5
0,5.6
0,4.4
0,4.4
0,4.4
0,5
0,5
0,5
0,6.1
0,5
21,5.6
86,6.1
149,6.1
147,6.7
232,7.8
193,7.2
202,7.2
131,6.7
11,6.1
0,5.6
0,4.4
0,4.4
0,5
0,4.4
0,4.4
0,5.6
0,5.6
0,5
0,5.6
0,5.6
0,5.6
0,5.6
0,5
2,4.4
30,5.6
51,5.6
90,6.1
113,6.1
186,6.1
109,6.7
126,8.3
86,8.3
27,7.8
0,7.8
0,7.2
0,7.2
0,6.7
0,6.1
0,6.1
0,6.1
0,5.6
0,5.6
0,5.6
0,5.6
0,5
0,4.4
0,5.6
2,5
28,4.4
62,4.4
89,5
91,5
97,5.6
82,5.6
67,5.6
42,6.1
14,7.8
0,8.3
0,8.3
0,8.3
0,8.3
0,7.8
0,7.2
0,7.2
0,7.8
0,7.8
0,7.2
0,7.8
0,6.1
0,6.1
0,5.6
4,7.8
34,6.7
59,7.8
150,10
239,11.7
159,11.7
171,10
51,8.3
34,8.3
12,8.3
0,8.3
0,8.3
0,8.3
0,7.8
0,7.8
0,7.8
0,7.2
0,7.8
0,7.8
0,7.8
0,6.1
0,5.6
0,6.1
0,6.1
0,6.1
20,6.7
129,7.2
229,7.2
109,7.2
145,7.8
90,7.3
107,6.7
87,6.7
14,6.7
0,6.7
0,6.1
0,6.7
0,6.1
0,6.7
0,6.1
0,6.1
0,6.1
0,7.2
0,6.7
0,7.8
0,7.2
0,6.1
0,6.7
1,6.1
17,6.1
51,7.2
77,7.8
105,8.3
138,9.4
204,11.1
96,10
119,11.1
13,10
0,9.4
0,9.4
0,10
0,10
0,10
0,10.6
0,9.4
0,10
0,7.8
0,7.2
0,6.1
0,6.1
0,6.1
0,5.6
4,5.6
40,5.6
142,6.7
162,7.8
368,8.3
218,7.8
138,6.7
94,6.7
104,5.6
24,5
0,5
0,5.6
0,5
0,5
0,5.6
0,5.6
0,6.1
0,5
0,4.4
0,4.4
0,4.4
0,5
0,5.6
0,5
7,5.6
38,6.1
97,6.7
181,6.7
197,7.2
219,7.2
106,5.6
79,5.6
55,5.6
20,5.6
1,5.6
0,5
0,5
0,5
0,5.6
0,6.3
0,6.9
0,7.5
0,8.1
0,8.8
0,9.4
0,8.3
0,9.4
0,10
3,9.4
49,8.9
160,10.6
81,6.7
314,8.3
367,10
318,11.7
255,12.2
130,12.2
39,11.1
0,8.9
0,8.9
0,7.2
0,6.7
0,6.7
0,6.1
0,7.2
0,3.9
0,5
0,5
0,4.4
0,3.9
0,5.6
0,5.6
2,5
25,5
68,7.8
153,8.3
278,10.6
132,11.7
81,11.1
95,10
98,10.6
26,10.6
0,10.6
0,10.6
0,10
0,7.8
0,8.3
0,8.3
0,8.9
0,7.8
0,8.3
0,8.3
0,7.2
0,7.2
0,7.2
0,6.7
5,7.2
81,7.2
189,8.3
296,10
311,10.6
285,9.4
358,10.6
250,10
87,8.9
43,8.9
0,8.9
0,8.9
0,8.9
0,8.3
0,7.8
0,7.2
0,6.7
0,7.2
0,7.2
0,7.2
0,7.2
0,7.2
0,7.2
0,7.2
4,7.8
46,7.8
73,8.3
136,8.9
193,8.9
203,8.3
121,7.8
105,7.8
61,7.8
25,7.2
1,7.2
0,6.7
0,6.1
0,6.1
0,6.1
0,6.1
0,6.1
0,6.1
0,5.6
0,5.6
0,5
0,4.4
0,3.3
0,3.9
6,3.9
58,4.4
86,5
151,5.6
239,6.7
349,6.7
329,7.8
249,8.3
159,8.3
37,7.2
1,5.6
0,6.1
0,5
0,5
0,4.4
0,5
0,5.6
0,3.9
0,2.8
0,4.4
0,4.4
0,4.4
0,3.9
0,3.3
9,3.9
68,3.9
203,5
331,5.6
338,6.7
288,7.8
393,8.3
305,8.3
207,7.8
62,7.2
7,4.4
0,3.9
0,3.9
0,3.3
0,3.3
0,3.3
0,3.3
0,4.4
0,3.9
0,3.9
0,3.9
0,3.9
0,2.8
0,3.3
16,2.8
92,3.3
220,4.4
330,5
399,5.6
443,6.7
412,7.8
326,8.3
204,7.8
72,7.2
7,6.1
0,5.6
0,5
0,3.9
0,2.2
0,2.8
0,3.3
0,2.2
0,0.6
0,1.1
0,1.1
0,1.1
0,-0.6
0,-0.6
16,-0.6
95,0.6
237,2.2
333,3.9
425,5
450,6.1
414,6.7
331,7.8
208,7.2
74,6.7
8,5.6
0,5.6
0,3.3
0,4.4
0,3.3
0,2.8
0,1.7
0,1.1
0,0.6
0,0
0,0.6
0,-1.1
0,0.6
0,-0.6
10,-1.1
89,1.7
226,3.3
338,4.4
377,6.1
404,6.1
375,6.7
257,6.1
184,5.6
68,5
5,2.8
0,3.3
0,4.4
0,3.9
0,3.9
0,3.3
0,2.8
0,2.8
0,1.7
0,1.7
0,0.6
0,2.2
0,2.8
0,0.6
13,0.6
106,1.7
176,2.8
252,3.9
321,5
308,5.6
236,6.1
199,6.7
173,6.7
59,5.6
7,4.4
0,3.9
0,4.4
0,3.3
0,3.3
0,3.9
0,2.8
0,2.8
0,2.8
0,2.8
0,2.8
0,2.8
0,3.3
0,3.3
7,3.9
39,4.4
79,5
181,6.1
173,6.1
167,7.2
172,7.2
146,7.8
87,6.7
44,7.2
6,6.7
0,5.6
0,5.6
0,4.4
0,3.9
0,2.8
0,2.8
0,1.7
0,1.1
0,2.2
0,0.6
0,0.6
0,-0.6
0,0.6
23,1.1
124,1.7
266,3.3
386,5.6
458,5.6
485,6.1
450,6.7
363,6.7
237,6.7
83,5.6
13,3.3
0,3.9
0,3.3
0,3.3
0,2.8
0,2.2
0,2.2
0,1.7
0,0.6
0,0.6
0,0.6
0,1.1
0,2.2
0,2.8
15,3.9
64,2.8
112,1.7
201,0.6
213,1.7
219,1.1
195,0.6
167,0.6
138,0.6
59,0.6
11,0.6
0,0.6
0,0.6
0,1.1
0,1.7
0,1.7
0,1.1
0,1.7
0,1.1
0,1.1
0,1.1
0,0.6
0,-0.6
0,0.6
19,1.1
86,1.7
186,1.7
228,3.3
235,5
198,6.1
215,5.6
218,6.1
71,6.1
29,5
5,4.4
0,3.3
0,3.9
0,3.3
0,3.3
0,3.3
0,2.8
0,2.2
0,2.2
0,2.2
0,2.8
0,2.8
0,2.8
0,3.3
4,3.3
91,3.9
129,5
128,5.6
273,7.8
153,10.6
94,11.1
93,10
54,11.1
24,10.6
5,10
0,9.4
0,9.4
0,8.9
0,7.8
0,6.1
0,6.1
0,5.6
0,4.4
0,4.4
0,3.9
0,3.9
0,2.8
0,2.8
18,2.8
73,2.2
129,2.2
209,2.8
310,2.8
222,3.3
109,2.8
96,2.8
99,2.8
58,2.8
13,2.8
0,2.2
0,2.2
0,1.7
0,1.7
0,1.1
0,1.1
0,1.7
0,1.7
0,1.7
0,1.7
0,1.1
0,1.1
0,1.1
21,1.7
78,1.1
90,0.6
91,1.7
185,1.7
208,2.2
241,3.3
228,3.9
210,3.9
66,3.3
8,2.2
0,1.7
0,1.7
0,1.1
0,1.1
0,0
0,-0.6
0,-1.7
0,-0.6
0,-0.6
0,-1.1
0,-1.1
0,-1.7
0,-2.2
21,-1.7
70,-0.6
223,1.1
320,1.7
406,2.8
194,3.3
329,4.4
223,3.3
128,2.8
56,1.1
14,-0.6
0,-0.6
0,-1.7
0,-1.7
0,-1.1
0,-1.7
0,-2.2
0,-3.9
0,-4.4
0,-3.3
0,-5
0,-5.6
0,-5.6
0,-5
31,-5
146,-3.3
289,-2.2
421,-1.7
416,0
461,1.7
409,2.2
351,2.2
256,2.8
102,1.7
19,0
0,-1.1
0,-1.1
0,-1.7
0,-1.7
0,-1.1
0,-1.7
0,-2.2
0,-1.7
0,-1.7
0,-1.7
0,-0.6
0,-0.6
0,0
13,0
111,1.1
130,3.3
239,5.6
235,6.1
278,6.7
369,7.2
247,8.3
192,8.3
67,7.8
7,7.2
0,6.1
0,5
0,4.4
0,4.4
0,3.9
0,4.4
0,3.9
0,3.3
0,2.2
0,1.7
0,1.7
0,1.7
0,1.7
26,1.1
92,2.2
180,3.3
296,3.9
355,4.4
209,4.4
111,4.4
126,4.4
65,5
33,4.4
11,3.9
0,4.4
0,4.4
0,4.4
0,4.4
0,3.9
0,3.9
0,6.1
0,7.2
0,7.8
0,7.8
0,7.8
0,7.8
0,6.7
11,7.2
36,7.2
173,8.3
166,8.9
204,10
107,9.4
342,10
128,10
183,9.4
88,8.9
8,8.9
0,8.9
0,8.9
0,8.9
0,8.3
0,7.8
0,7.2
0,6.7
0,6.7
0,6.1
0,6.1
0,5.6
0,6.1
0,7.2
9,9.4
35,11.1
99,11.7
110,11.7
110,11.7
142,11.7
134,12.2
117,12.2
80,12.2
37,12.2
10,12.2
0,12.2
0,12.2
0,12.8
0,12.8
0,12.2
0,12.2
0,12.8
0,12.2
0,12.8
0,13.9
0,13.9
0,13.9
0,13.9
27,13.9
91,13.9
164,13.9
125,13.3
232,12.8
257,11.7
257,12.8
169,13.3
105,13.9
76,13.9
21,13.9
0,13.3
0,12.2
0,11.1
0,10.6
0,11.1
0,11.1
0,10.6
0,10.6
0,11.1
0,11.1
0,10.6
0,11.1
0,11.1
25,11.7
131,11.7
122,12.8
281,13.9
237,15
262,15
226,14.4
103,12.8
100,12.8
91,12.8
30,11.1
0,10.6
0,10
0,10.6
0,10.6
0,10
0,10
0,10
0,8.3
0,8.9
0,8.9
0,8.9
0,8.3
0,10
14,8.3
73,9.4
157,10.6
353,11.7
312,12.2
184,12.8
369,13.3
376,14.4
264,14.4
94,14.4
17,11.1
0,10
0,9.4
0,9.4
0,8.3
0,7.2
0,8.3
0,10.6
0,8.3
0,9.4
0,13.9
0,6.7
0,6.1
0,7.2
35,7.8
157,8.3
237,11.1
358,13.9
401,16.7
525,17.8
490,18.3
424,20
312,19.4
95,18.9
23,17.2
0,16.1
0,13.9
0,12.2
0,12.2
0,12.2
0,12.2
0,11.7
0,11.7
0,11.7
0,11.1
0,10
0,10.6
0,10.6
17,10.6
74,10.6
126,10.6
188,11.1
338,11.7
233,12.8
330,14.4
244,13.9
152,13.9
96,14.4
26,11.1
0,10
0,9.4
0,9.4
0,8.3
0,7.2
0,6.1
0,5
0,3.9
0,2.8
0,1.7
0,0
0,0
0,-0.6
54,2.2
198,3.9
351,6.7
475,8.9
551,8.3
572,10.6
535,11.7
445,13.3
311,12.2
155,12.2
26,9.4
0,7.2
0,6.1
0,8.3
0,6.1
0,3.9
0,4.4
0,3.9
0,3.3
0,1.7
0,2.8
0,1.1
0,0.6
0,0.6
71,1.7
227,4.4
382,6.7
504,8.9
578,10
598,12.2
556,13.3
457,13.3
326,13.3
165,12.8
32,10.6
0,10.6
0,8.3
0,6.7
0,7.8
0,7.2
0,6.7
0,6.7
0,6.7
0,6.7
0,7.2
0,7.2
0,6.7
0,6.1
27,5.6
58,5.6
101,6.1
137,6.1
133,6.1
115,7.2
107,8.3
107,8.9
89,10
76,9.4
16,8.9
0,8.3
0,8.3
0,8.3
0,8.3
0,7.8
0,7.2
0,6.1
0,6.1
0,5.6
0,5.6
0,5.6
0,5.6
0,5.6
62,6.7
205,8.3
344,8.9
457,9.4
256,10.6
479,11.7
159,12.2
211,10
95,8.3
50,6.7
16,6.1
0,5.6
0,5
0,4.4
0,3.9
0,3.9
0,3.9
0,3.3
0,3.3
0,2.8
0,2.8
0,2.8
0,2.8
0,2.8
24,2.2
68,3.3
113,3.9
148,4.4
169,5
175,5.6
164,5.6
139,5.6
100,6.1
54,5.6
16,5.6
0,5.6
0,5.6
0,5.6
0,5.6
0,5.6
0,6.1
0,6.1
0,6.1
0,6.7
0,6.7
0,6.7
0,6.7
1,6.7
80,6.7
148,7.2
285,7.8
407,9.4
366,9.4
371,9.4
350,10.6
149,10.6
187,10.6
80,10
16,9.4
0,9.4
0,8.9
0,8.9
0,8.3
0,7.8
0,7.2
0,7.2
0,6.7
0,6.7
0,6.7
0,6.7
0,6.1
1,7.2
28,6.7
69,9.4
113,8.3
149,8.9
170,10.6
176,9.4
165,10.6
139,11.1
100,10.6
54,10
19,9.4
0,9.4
0,8.9
0,8.9
0,8.9
0,9.4
0,8.9
0,8.9
0,8.9
0,9.4
0,9.4
0,10
0,10
2,11.1
57,11.1
195,12.2
250,13.9
325,15
195,16.1
179,14.4
168,15
142,15
199,16.1
136,15.6
27,15.6
0,14.4
0,14.4
0,13.9
0,13.9
0,13.9
0,12.2
0,10.6
0,10
0,10.6
0,11.7
0,11.7
0,10.6
2,11.1
33,12.2
68,12.2
141,12.8
148,14.4
170,17.2
236,16.1
164,15
138,14.4
98,12.8
53,12.8
22,12.8
0,12.8
0,12.8
0,12.8
0,13.3
0,11.7
0,11.7
0,11.7
0,11.7
0,11.7
0,11.7
0,11.1
0,11.1
2,11.7
41,11.1
73,11.7
246,12.2
339,13.3
263,15
554,16.7
385,16.7
281,16.1
130,15.6
63,12.8
26,12.2
0,11.7
0,11.7
0,11.7
0,11.7
0,11.1
0,10.6
0,10.6
0,10.6
0,11.1
0,10.6
0,10.6
0,10.6
3,10
69,10
64,10
122,10
157,11.1
149,11.1
183,11.7
172,11.7
146,8.3
106,11.7
63,11.7
43,11.1
0,10.6
0,10.6
0,9.4
0,8.9
0,8.3
0,7.8
0,7.2
0,7.2
0,7.8
0,7.2
0,7.8
0,7.2
5,7.2
66,8.3
72,8.3
117,8.3
107,7.8
174,7.8
179,8.3
168,10
141,10.6
101,10
56,10
41,9.4
0,8.9
0,8.9
0,8.3
0,8.3
0,7.2
0,7.8
0,6.1
0,6.1
0,6.7
0,6.1
0,6.7
0,6.7
4,6.7
48,6.7
86,7.2
98,7.2
248,7.8
500,8.9
542,11.1
516,11.7
432,12.2
280,12.8
182,12.2
53,11.1
0,10
0,10
0,9.4
0,7.8
0,7.2
0,6.7
0,7.2
0,6.1
0,5
0,4.4
0,4.4
0,4.4
10,5
129,5.6
299,7.8
457,10
579,11.7
651,13.3
669,14.4
629,15.6
537,16.1
399,17.2
233,16.7
59,15.6
0,15
0,14.4
0,12.8
0,12.2
0,11.7
0,10
0,9.4
0,8.9
0,8.9
0,8.9
0,8.3
0,6.7
6,7.8
109,7.2
88,8.3
347,9.4
470,10.6
419,11.1
410,12.2
240,11.1
412,11.1
335,11.1
180,10.6
69,10.6
0,9.4
0,8.9
0,8.3
0,7.8
0,6.1
0,5
0,4.4
0,4.4
0,5
0,4.4
0,3.9
0,3.9
12,4.4
40,5.6
80,6.1
125,7.8
161,8.9
182,8.9
187,9.4
175,10
148,10.6
108,10
61,10
29,9.4
0,8.3
0,8.3
0,7.8
0,7.8
0,7.8
0,6.7
0,6.7
0,6.1
0,6.7
0,6.1
0,6.1
0,6.1
12,6.7
87,7.2
223,7.8
360,8.9
194,10
628,11.1
632,11.7
532,12.2
519,12.8
384,12.8
227,12.2
77,11.1
1,9.4
0,8.3
0,7.8
0,7.8
0,7.2
0,7.2
0,6.7
0,5
0,5
0,4.4
0,2.8
0,3.9
16,3.9
139,5.6
203,6.7
408,9.4
539,12.2
601,16.7
653,17.2
642,20
488,20
329,20.6
235,19.4
63,18.3
1,16.7
0,15.6
0,13.9
0,11.7
0,10.6
0,9.4
0,9.4
0,10
0,8.9
0,8.9
0,8.3
0,7.8
13,7.8
61,8.3
88,8.9
134,8.3
340,8.3
467,10
579,12.2
519,12.2
290,12.2
336,11.1
196,10.6
56,10
1,8.9
0,7.2
0,7.2
0,7.8
0,6.7
0,7.2
0,7.2
0,5.6
0,6.1
0,6.1
0,5.6
0,6.7
19,6.7
47,7.8
139,7.8
146,8.3
398,10.6
534,11.1
551,11.7
425,12.2
482,12.8
331,12.8
119,11.7
54,10
1,8.9
0,8.3
0,7.8
0,8.3
0,7.2
0,7.2
0,6.7
0,5.6
0,5.6
0,4.4
0,4.4
0,3.9
16,5
117,5
140,5.6
327,7.2
283,9.4
550,8.3
640,11.7
589,12.2
422,13.3
220,12.2
142,11.7
70,12.2
1,11.1
0,8.9
0,7.2
0,6.7
0,6.7
0,7.2
0,6.7
0,6.7
0,6.7
0,6.7
0,6.1
0,6.1
12,6.1
34,4.4
82,3.9
120,3.9
178,5
198,5.6
202,6.7
191,6.7
164,6.7
124,6.7
75,6.7
28,6.7
2,6.7
0,6.7
0,6.7
0,5.6
0,5
0,5
0,5.6
0,5.6
0,5.6
0,4.4
0,3.9
0,3.3
27,4.4
137,5.6
133,7.2
225,8.3
180,8.3
480,8.9
586,10
608,12.2
472,11.1
126,10.6
77,10.6
29,9.4
6,7.2
0,6.7
0,7.2
0,6.1
0,6.7
0,6.1
0,5.6
0,4.4
0,4.4
0,3.3
0,2.8
0,1.7
31,2.2
173,3.9
338,5
438,5
615,7.2
681,8.3
710,8.3
459,9.4
493,9.4
185,8.9
188,8.9
87,7.8
4,7.2
0,5.6
0,5
0,3.3
0,3.9
0,3.3
0,3.3
0,2.8
0,2.8
0,2.8
0,2.2
0,2.2
37,1.7
192,4.4
372,6.7
530,7.8
649,9.4
719,10
676,10
588,11.1
545,11.7
425,11.7
200,11.7
94,10.6
6,8.9
0,8.9
0,8.3
0,7.2
0,6.1
0,6.7
0,5
0,5
0,4.4
0,2.8
0,2.8
0,2.2
26,3.9
85,5
307,7.8
245,9.4
386,10
565,10
366,10.6
458,10.6
443,10.6
288,10.6
92,10.6
65,10
4,9.4
0,8.3
0,7.8
0,7.2
0,6.7
0,5.6
0,5.6
0,5
0,5
0,5
0,4.4
0,3.9
28,4.4
153,5
96,5.6
355,7.2
563,8.9
530,9.4
467,10
422,11.1
314,11.1
304,10.6
124,9.4
76,8.9
5,7.8
0,7.2
0,7.2
0,6.7
0,6.7
0,6.1
0,5.6
0,3.3
0,3.3
0,3.3
0,3.3
0,3.9
35,2.8
158,6.7
326,7.2
488,9.4
612,10.6
685,11.7
668,11.1
594,11.7
405,12.2
281,12.8
184,12.2
70,11.1
6,10
0,8.3
0,7.8
0,7.2
0,7.2
0,7.2
0,6.1
0,5.6
0,5.6
0,5
0,4.4
0,4.4
35,5
171,5
112,5.6
365,7.2
455,7.8
428,8.3
539,9.4
202,5.6
524,6.7
355,8.3
187,8.3
43,7.2
6,6.7
0,7.2
0,6.7
0,6.1
0,5
0,4.4
0,4.4
0,5
0,3.9
0,4.4
0,4.4
0,3.9
39,5
182,6.7
299,7.2
422,8.3
582,9.4
230,9.4
601,11.1
403,10.6
312,10.6
256,10
145,10
56,10
8,8.9
0,8.3
0,8.9
0,8.3
0,7.8
0,7.2
0,7.2
0,6.7
0,6.7
0,6.1
0,6.7
0,7.2
25,7.8
58,8.9
108,9.4
154,9.4
188,10
207,10.6
211,8.9
198,9.4
171,8.9
130,8.9
80,9.4
38,9.4
5,9.4
0,9.4
0,8.9
0,8.6
0,8.3
0,8
0,7.6
0,7.3
0,7
0,6.7
0,7.2
0,8.3
43,8.9
165,11.1
348,13.9
503,16.1
621,18.3
688,20.6
716,23.3
659,23.9
582,26.1
446,27.2
274,26.7
103,25.6
12,22.8
0,22.2
0,21.1
0,20.6
0,18.9
0,13.3
0,13.9
0,13.3
0,14.4
0,13.9
0,11.1
0,12.2
36,10.6
129,11.7
319,13.3
481,13.9
551,15.6
665,17.2
676,18.9
670,18.9
544,20.6
442,20.6
183,19.4
79,17.8
14,16.1
0,15
0,13.9
0,12.8
0,11.7
0,11.1
0,11.1
0,11.1
0,11.1
0,10.6
0,10.6
0,10.6
35,10
55,10
104,9.4
136,9.4
163,8.9
218,8.9
232,8.9
180,8.9
159,9.4
132,8.9
88,8.9
42,8.9
10,8.9
0,8.9
0,8.3
0,8.3
0,8.3
0,7.8
0,8.3
0,7.8
0,7.8
0,7.8
0,7.8
2,7.8
22,8.3
104,8.9
336,8.9
415,11.1
388,11.7
645,13.3
695,12.8
661,15
579,15
327,13.9
214,12.2
100,11.7
10,11.1
0,10
0,9.4
0,9.4
0,9.4
0,8.9
0,8.3
0,9.4
0,8.9
0,8.9
0,8.3
3,7.8
58,8.9
182,9.4
335,10
300,11.7
494,14.4
484,13.9
323,11.7
140,11.1
187,10
114,11.7
99,11.1
42,10
8,8.9
0,8.9
0,8.9
0,8.3
0,7.8
0,7.2
0,6.7
0,7.2
0,7.2
0,7.2
0,7.2
3,7.2
29,7.2
227,8.9
404,10.6
402,11.1
393,12.2
420,13.3
536,13.3
312,13.3
330,15.6
278,15.6
131,12.8
23,11.7
10,10
0,10.6
0,10
0,9.4
0,9.4
0,8.9
0,8.3
0,8.3
0,7.2
0,6.1
0,6.7
9,6.7
73,7.8
238,9.4
437,10.6
428,12.2
606,12.2
384,13.9
688,13.9
441,13.9
379,13.9
244,12.8
202,12.2
54,12.2
12,12.2
0,10
0,8.3
0,8.3
0,8.3
0,7.2
0,7.8
0,7.2
0,7.2
0,6.7
0,6.7
0,6.7
65,6.1
216,7.8
235,8.9
480,10
681,10.6
251,10
567,10
469,10
360,10
248,10.6
166,10.6
95,10
17,9.4
0,7.8
0,7.2
0,6.7
0,5.6
0,5.6
0,5.6
0,5
0,5
0,5
0,5.6
6,6.1
46,6.1
204,8.3
303,8.9
258,10.6
298,11.1
354,12.2
389,12.2
713,14.4
417,14.4
235,13.9
260,15.6
117,14.4
32,13.9
0,12.2
0,10.6
0,10
0,10.6
0,10.6
0,10
0,10
0,10.6
0,10
0,8.9
2,8.3
43,8.9
74,8.3
104,8.9
130,9.4
274,9.4
340,10
315,10.6
304,11.1
467,10.6
375,11.7
247,10.6
49,7.8
19,7.2
0,6.1
0,5.6
0,5.6
0,5
0,5
0,5
0,5
0,5
0,5
0,5.6
1,5.6
31,5.6
91,5.6
134,6.1
150,7.2
320,7.2
676,10
625,9.4
650,10
656,10.6
348,10.6
291,10
97,8.3
29,6.7
0,6.7
0,6.7
0,6.7
0,6.1
0,5.6
0,5.6
0,4.4
0,4.4
0,4.4
0,3.9
10,3.3
92,5
250,6.7
343,8.9
522,9.4
692,10.6
757,11.7
735,12.2
561,12.2
609,13.3
471,13.3
310,12.8
112,11.7
24,10.6
0,10.6
0,11.1
0,10.6
0,9.4
0,9.4
0,9.4
0,8.9
0,8.9
0,8.3
0,7.8
19,7.2
92,8.9
227,10
395,12.2
544,13.3
655,15.6
748,16.1
772,16.7
678,17.2
388,17.8
409,17.8
313,18.3
159,16.7
35,15.6
0,14.4
0,12.2
0,11.1
0,11.7
0,12.2
0,9.4
0,8.9
0,9.4
0,9.4
0,9.4
6,9.4
32,10
91,10
108,11.7
370,12.2
413,14.4
554,14.4
575,15
522,15
118,14.4
133,13.9
90,12.8
51,12.2
10,11.7
0,11.1
0,11.1
0,11.1
0,10
0,9.4
0,9.4
0,8.9
0,9.4
0,8.9
0,8.9
9,8.9
85,9.4
173,10
198,10
304,10.6
255,11.1
340,11.7
554,12.8
316,12.2
336,12.8
236,12.8
145,12.2
90,11.7
18,11.1
0,10.6
0,10
0,10
0,9.4
0,9.4
0,9.4
0,9.4
0,9.4
0,10
0,9.4
12,10
56,10.6
71,10.6
124,11.1
166,10.6
330,11.1
363,12.2
361,12.2
336,12.2
272,11.1
157,10.6
149,10.6
85,10.6
21,9.4
0,8.9
0,8.9
0,8.3
0,7.8
0,7.2
0,6.7
0,6.7
0,6.1
0,6.1
0,6.1
13,6.1
20,6.1
129,5.6
316,6.7
299,7.2
359,8.3
261,9.4
259,8.9
286,8.9
252,9.4
212,10
201,9.4
49,8.3
7,5.6
0,5.6
0,5.6
0,5
0,4.4
0,4.4
0,3.9
0,3.9
0,3.3
0,2.8
0,3.3
13,3.3
43,3.9
112,4.4
185,5
288,6.1
683,8.3
774,8.9
850,11.1
538,11.7
537,9.4
137,8.3
143,7.2
91,7.2
27,7.2
0,6.7
0,6.7
0,3.9
0,3.9
0,4.4
0,3.9
0,3.9
0,3.3
0,2.2
0,1.7
26,2.2
147,3.9
330,5.6
508,7.2
652,8.9
687,10
714,10
716,11.7
750,12.8
455,13.3
525,12.8
323,12.8
129,11.1
39,9.4
0,8.3
0,8.3
0,7.2
0,5.6
0,6.7
0,5.6
0,4.4
0,3.9
0,4.4
0,3.3
28,3.9
138,5.6
309,8.3
412,9.4
628,10
636,11.7
545,12.2
625,13.3
413,14.4
408,14.4
380,15
296,15
132,13.9
45,10.6
0,10
0,8.3
0,9.4
0,8.9
0,7.8
0,7.8
0,7.8
0,7.2
0,6.7
0,6.7
27,6.7
114,7.8
240,9.4
401,11.7
529,13.3
519,15
673,15.6
675,16.7
581,16.1
371,15.6
330,15.6
193,13.9
71,13.3
27,12.2
0,11.1
0,10
0,8.9
0,8.3
0,8.3
0,7.8
0,7.2
0,6.7
0,7.2
0,6.7
25,7.2
139,7.8
276,8.9
221,8.9
337,10
302,10.6
402,12.2
265,11.7
304,12.2
275,12.2
248,12.2
141,11.7
89,11.7
30,11.1
1,10.6
0,10.6
0,8.9
0,10.6
0,10
0,7.8
0,7.2
0,8.3
0,7.8
0,7.8
5,7.8
49,8.3
139,9.4
382,11.7
541,13.9
667,14.4
506,15.6
544,16.7
497,17.8
649,18.3
360,18.3
260,17.8
177,15.6
45,12.8
1,10.6
0,8.9
0,8.3
0,7.2
0,6.7
0,5.6
0,5
0,4.4
0,4.4
0,3.9
16,4.4
128,5.6
277,7.2
456,8.3
610,10
470,11.1
572,12.8
756,13.3
696,13.3
617,13.9
513,14.4
342,13.9
183,13.3
43,11.1
1,8.3
0,7.8
0,8.3
0,7.8
0,7.2
0,6.7
0,7.2
0,7.2
0,6.7
0,4.4
36,5
148,7.8
357,8.9
533,10
681,12.2
789,13.3
857,15
860,15.6
817,16.1
716,16.1
575,16.7
335,15.6
216,14.4
54,11.7
2,10.6
0,9.4
0,10
0,10
0,9.4
0,8.9
0,7.8
0,7.2
0,7.2
0,7.2
37,7.2
174,8.9
355,11.1
529,13.9
677,16.1
786,18.3
849,20
859,22.2
812,23.9
713,25
570,24.4
399,24.4
214,22.8
53,18.3
1,18.3
0,15.6
0,12.8
0,13.9
0,12.8
0,11.7
0,13.3
0,11.1
0,11.1
0,8.9
29,11.7
162,12.8
339,16.1
517,17.8
664,18.9
773,21.1
837,25
838,26.1
790,26.1
694,27.2
455,27.2
362,26.1
184,26.1
52,22.8
0,19.4
0,17.2
0,14.4
0,14.4
0,15
0,14.4
0,12.2
0,11.7
0,11.7
0,11.1
30,11.1
143,11.1
158,12.2
147,11.7
197,11.7
195,12.8
385,13.9
779,16.7
720,18.3
594,17.8
380,16.7
232,16.7
117,15.6
32,14.4
2,13.9
0,12.2
0,12.2
0,11.7
0,10.6
0,10
0,10
0,9.4
0,8.9
0,8.3
37,8.9
85,9.4
258,11.1
494,13.3
653,13.9
706,15.6
711,18.3
776,20
754,21.1
700,22.2
495,20
326,21.7
164,18.3
40,17.2
2,15.6
0,15
0,15
0,13.9
0,15
0,11.7
0,12.2
0,12.2
0,11.1
0,11.7
27,12.2
59,12.2
130,12.2
201,12.2
324,12.2
345,12.2
209,12.8
256,12.8
201,12.8
205,12.2
153,12.2
212,12.2
123,12.8
25,12.2
2,9.4
0,8.9
0,9.4
0,9.8
0,10.3
0,10.8
0,11.3
0,11.7
0,12.2
0,12.2
10,12.2
21,12.2
134,12.2
157,12.2
295,12.2
314,13.3
360,14.4
706,15.6
443,15
130,14.4
235,14.4
153,14.4
24,14.4
12,13.9
3,13.9
0,13.3
0,12.2
0,11.7
0,10.6
0,10
0,8.9
0,8.9
0,10
0,10
19,10.6
48,10.6
105,11.1
141,11.7
230,12.8
503,15
761,15
735,17.2
677,16.7
360,17.8
474,18.3
366,17.2
141,16.7
0,14.4
0,12.8
0,12.2
0,13.3
0,12.2
0,10.6
0,9.4
0,10
0,9.4
0,7.8
0,8.3
39,8.9
138,10
322,12.2
497,13.3
658,15.6
799,18.3
910,18.3
856,20
812,20.6
784,21.1
597,21.7
394,21.7
215,21.1
70,19.4
6,18.3
0,17.2
0,14.4
0,12.2
0,11.1
0,11.1
0,10.6
0,11.1
0,11.1
0,10.6
58,11.7
185,13.3
353,15
517,17.2
664,19.4
799,20
888,21.1
945,22.2
897,23.9
781,24.4
595,23.9
408,23.3
228,22.8
0,22.2
0,19.4
0,17.8
0,18.9
0,16.1
0,16.7
0,15
0,13.9
0,13.9
0,13.3
0,12.8
56,13.9
67,13.9
124,15.6
220,15.6
412,17.8
347,18.9
629,22.2
639,23.3
707,24.4
126,24.4
348,25
105,22.8
136,23.3
0,20.6
0,18.3
0,18.9
0,17.8
0,16.7
0,14.4
0,13.9
0,15
0,12.2
0,13.3
0,12.8
0,14.4
28,15.6
313,17.8
495,19.4
667,20.6
640,21.1
638,22.8
520,23.9
679,23.9
320,23.9
361,21.7
146,20
73,19.4
0,18.9
0,17.2
0,17.2
0,16.7
0,16.7
0,15.6
0,15.6
0,13.3
0,14.4
0,13.3
0,13.9
0,13.3
104,14.4
352,17.8
229,16.1
331,17.8
696,19.4
750,19.4
685,20.6
781,21.1
562,21.7
610,22.2
427,21.7
246,21.1
85,18.9
7,16.7
0,14.4
0,13.9
0,13.9
0,13.3
0,11.7
0,10.6
0,10
0,8.9
6,9.4
0,10
104,9.4
151,11.1
165,11.7
292,13.3
316,13.3
271,13.3
321,14.4
795,16.7
685,17.8
599,18.9
418,19.4
255,18.3
0,16.1
9,14.4
0,15
0,13.9
0,12.8
0,12.2
0,10
0,10.6
0,11.1
0,11.1
4,11.1
11,11.1
25,11.1
174,11.7
112,11.7
314,12.2
249,12.8
344,14.4
254,13.3
325,12.2
308,11.7
261,10.6
159,11.1
26,11.7
6,10
0,10
0,9.4
0,9.4
0,10
0,8.9
0,8.9
0,8.3
0,7.8
0,7.2
3,7.8
10,7.8
37,8.3
240,8.9
413,10.6
738,13.3
822,14.4
1009,15
704,13.3
561,13.9
368,12.8
645,13.9
312,12.2
202,11.7
71,11.1
10,10
0,7.8
0,6.7
0,6.7
0,6.7
0,5.6
0,5
0,4.4
0,4.4
7,5
76,5.6
224,7.8
382,9.4
443,10
680,12.2
879,13.3
977,14.4
998,14.4
865,16.1
642,14.4
303,13.9
318,13.9
133,12.2
55,11.7
8,10.6
0,10.6
0,11.7
0,9.4
0,9.4
0,8.9
0,8.9
0,8.3
0,7.8
11,7.8
61,7.2
216,9.4
314,10.6
633,12.8
443,11.7
661,14.4
776,15
488,14.4
625,15
772,16.7
672,17.2
461,16.7
294,16.1
97,14.4
10,12.2
0,10.6
0,9.4
0,10.6
0,10
0,8.9
0,8.3
0,8.9
0,8.3
9,5.6
83,7.8
219,10.6
381,11.7
542,13.9
696,15.6
852,16.7
964,17.8
982,19.4
926,19.4
804,20
628,20.6
462,20
191,17.8
126,17.2
11,15.6
0,13.3
0,14.4
0,13.3
0,12.8
0,12.2
0,10.6
0,11.1
0,10
9,8.3
82,10.6
223,12.2
385,14.4
549,16.7
708,18.9
851,20.6
963,21.1
980,22.2
927,22.8
801,23.3
633,23.3
457,22.8
269,22.2
102,20
9,16.1
0,17.2
0,16.7
0,15
0,14.4
0,12.8
0,10
0,11.1
0,10
11,10
85,11.7
216,13.3
387,15
546,17.2
691,18.9
842,20.6
959,22.2
953,22.8
895,23.3
817,23.3
633,23.9
443,24.4
142,21.1
70,20
16,17.2
0,13.9
0,12.8
0,12.2
0,11.7
0,11.7
0,11.7
0,11.7
0,11.7
4,11.7
16,11.7
37,11.7
185,12.2
125,12.8
228,13.9
374,15
291,16.1
461,17.8
373,17.2
455,17.2
298,15
218,14.4
153,13.9
32,12.8
6,12.2
0,11.7
0,11.1
0,10.6
0,10.6
0,10.6
0,10
0,10
0,9.4
4,8.9
21,8.9
57,8.9
94,9.4
174,10.6
134,11.1
206,11.7
222,10.6
236,10
239,9.4
201,9.4
187,9.4
86,10
126,9.4
56,7.8
6,7.2
0,6.7
0,7.2
0,6.1
0,6.1
0,6.1
0,6.1
0,6.7
0,6.7
4,5.6
30,5.6
60,6.1
116,6.1
192,7.2
322,8.3
755,10
1021,11.7
834,12.2
621,13.9
131,12.2
396,13.3
462,13.9
267,12.8
120,11.1
12,10
0,8.9
0,8.9
0,8.3
0,8.3
0,7.8
0,7.8
0,7.8
0,8.3
8,7.8
35,8.3
53,8.3
120,8.9
575,10.6
810,12.8
687,14.4
572,13.9
757,13.9
658,14.4
307,13.9
375,14.4
237,14.4
167,13.9
81,13.3
11,12.2
0,11.7
0,10.6
0,10
0,8.9
0,8.9
0,8.3
0,7.8
0,7.8
10,7.8
72,8.3
157,8.9
389,10.6
564,12.2
721,13.9
881,15
946,16.1
1015,16.7
953,17.2
826,17.8
648,17.8
459,16.7
282,17.2
103,13.9
10,12.2
0,10.6
0,10
0,8.9
0,8.9
0,7.2
0,6.7
0,6.7
0,6.7
9,5.6
71,7.2
184,8.3
229,8.9
423,10
598,11.7
809,13.3
721,12.8
945,13.9
796,15.6
849,16.1
631,16.1
403,15.6
283,15.6
94,14.4
11,13.3
0,12.8
0,11.7
0,10.6
0,10.6
0,10.6
0,10
0,10
0,9.4
7,9.4
40,10
110,10.6
199,11.1
365,12.8
464,12.8
546,14.4
608,15
651,16.1
483,16.1
299,15.6
302,15.6
273,16.7
133,15
63,14.4
10,12.8
0,12.8
0,11.7
0,11.7
0,10
0,8.9
0,8.9
0,8.3
0,8.3
10,7.8
56,8.3
144,8.9
209,8.9
277,10
543,11.7
664,13.3
710,11.1
746,14.4
659,15
236,13.3
144,10.6
134,8.3
124,8.9
31,8.9
7,8.3
0,7.8
0,7.2
0,7.2
0,7.8
0,7.8
0,7.8
0,7.8
0,7.8
9,7.8
45,7.8
147,8.9
240,10
437,11.7
605,11.7
846,13.3
734,13.9
1008,15
810,15
876,15.6
625,16.1
341,15.6
99,12.8
71,12.2
20,11.7
0,10.6
0,10.6
0,9.4
0,8.3
0,8.9
0,8.9
0,8.3
0,8.3
11,7.8
102,8.9
238,10.6
390,12.2
606,13.3
770,14.4
800,15
833,15.6
913,16.1
903,16.7
876,16.7
617,15
388,15
183,14.4
83,13.3
13,12.2
0,11.7
0,10.6
0,10.6
0,10.6
0,10
0,10
0,10
0,10
8,10
43,10.6
103,10.6
197,11.7
291,11.1
295,12.8
367,12.8
311,13.3
195,12.2
465,13.9
211,13.3
213,13.3
145,12.2
73,12.2
31,11.7
7,11.7
0,11.1
0,11.1
0,10
0,9.4
0,7.8
0,7.8
0,7.8
0,7.8
6,7.8
19,7.8
56,7.8
122,8.3
184,9.4
404,10
470,10.6
366,12.8
706,13.9
841,13.9
637,14.4
524,14.4
376,12.8
303,12.2
99,11.1
12,10.6
0,10
0,10
0,9.4
0,8.3
0,8.3
0,8.3
0,8.3
0,8.3
3,8.3
27,8.3
53,8.3
111,8.3
306,10
238,10
204,10.6
243,10.6
245,10.6
248,11.1
234,11.1
164,10.6
142,10
71,10
18,9.4
10,9.4
0,9.4
0,9.4
0,9.4
0,9.4
0,9.4
0,9.4
0,9.4
0,9.4
6,9.4
20,10
81,10
228,10.6
110,10.6
358,10.6
384,11.1
479,13.3
922,15
559,14.4
570,15.6
652,16.1
519,16.7
316,16.1
175,15.6
26,12.8
0,11.1
0,11.1
0,11.1
0,10.6
0,10.6
0,10.6
0,10.6
0,10.6
11,10.6
37,10.6
141,11.1
283,12.2
408,13.3
536,15
631,16.7
362,16.1
379,16.7
305,16.1
353,17.2
255,17.2
186,17.2
175,17.2
153,16.7
25,15
0,13.9
0,13.9
0,14.4
0,12.2
0,12.8
0,12.2
0,11.1
0,11.7
16,11.7
92,12.2
174,12.8
308,13.9
521,16.1
676,18.3
678,18.9
966,20
1016,20.6
953,20.6
830,22.2
631,22.2
467,21.7
290,20.6
123,19.4
26,17.8
0,16.1
0,15.1
0,14
0,13
0,12
0,11
0,9.9
0,8.9
9,8.9
62,10
273,11.1
447,12.2
586,13.3
703,14.4
739,15.6
727,16.7
879,17.2
828,17.8
500,18.3
344,17.2
382,17.8
202,17.8
144,17.2
28,15
0,13.9
0,13.9
0,13.3
0,12.2
0,11.7
0,11.1
0,10.6
0,10
11,10
92,11.1
168,11.7
378,13.9
501,15
697,17.2
543,17.8
666,19.4
506,19.4
579,20
284,20
239,20
181,19.4
204,20
52,16.7
18,16.1
0,13.9
0,14.4
0,15
0,14.4
0,12.8
0,13.3
0,12.8
0,12.2
12,12.2
89,11.7
260,13.3
360,14.4
596,15.6
714,17.2
792,18.3
819,20.6
731,20.6
464,21.1
289,20.6
244,20.6
188,20.6
125,19.4
62,18.3
17,17.2
0,16.1
0,15.6
0,14.4
0,14.4
0,13.9
0,13.3
0,12.8
0,11.7
6,11.1
38,11.1
86,11.7
137,12.2
449,13.3
741,15.6
621,15.6
772,15.6
870,16.1
773,17.2
752,17.2
454,16.7
150,16.1
165,15.6
42,15
27,15
0,14.4
0,13.3
0,12.8
0,12.2
0,11.7
0,11.1
0,11.1
0,10.6
9,10.6
53,11.1
98,11.7
153,13.3
214,13.9
265,14.4
302,15.6
258,16.7
260,16.7
247,15
221,13.9
183,13.3
135,13.3
84,13.3
49,13.3
24,12.2
0,11.7
0,12.2
0,11.7
0,11.7
0,11.7
0,11.7
0,11.7
0,11.1
7,11.1
38,11.1
102,11.7
181,12.2
451,13.3
626,13.9
635,15.6
692,13.9
261,12.2
413,12.8
412,15
451,12.2
242,13.9
166,10.6
80,11.7
22,11.1
0,10.6
0,10.6
0,10.6
0,10
0,10
0,10
0,10
0,10
15,10
87,10
182,10.6
324,11.7
482,12.8
317,13.3
828,13.9
868,15.6
735,16.1
672,16.7
653,16.1
295,15
150,14.4
183,15
100,14.4
18,13.9
0,13.9
0,12.8
0,12.2
0,11.7
0,11.1
0,10.6
0,10.6
0,10.6
10,10
125,11.1
238,12.2
430,13.9
539,14.4
741,16.1
657,16.7
830,17.2
711,17.8
748,18.9
368,20
203,19.4
293,20
129,18.9
66,17.8
17,17.8
0,16.7
0,14.4
0,12.8
0,12.8
0,13.3
0,13.9
0,11.1
0,11.1
13,11.1
112,12.2
257,13.9
410,14.4
583,16.1
712,17.8
791,18.9
902,20.6
925,21.7
791,22.2
697,22.8
639,23.3
430,22.8
264,22.8
131,22.2
28,20
0,16.7
0,16.7
0,15
0,13.9
0,13.9
0,15
0,14.4
0,13.9
11,13.3
98,13.9
264,15.6
443,17.2
550,18.3
690,19.4
808,20.6
889,22.2
604,23.3
740,23.9
314,23.9
235,23.3
177,22.8
113,22.8
132,20
32,18.3
0,18.3
0,17.8
0,17.2
0,16.1
0,15
0,15
0,13.3
0,13.3
10,13.9
71,15
79,12.8
183,13.9
230,15
690,18.3
797,20.6
825,21.7
871,21.7
805,22.2
600,22.8
191,21.7
145,21.7
94,21.1
46,20.6
17,18.3
0,15
0,15
0,15
0,15.6
0,15.6
0,15.6
0,15
0,15
7,14.4
90,14.4
204,15.6
353,15
348,16.7
422,16.7
252,17.8
267,17.8
269,16.7
258,16.7
234,16.7
199,17.2
130,15.6
105,15
96,15.6
14,15
0,15
0,15
0,15
0,12.8
0,12.2
0,11.7
0,11.7
0,11.7
10,11.7
35,11.7
80,11.7
131,11.7
179,12.2
218,10
404,11.1
262,12.2
739,13.9
253,11.1
551,12.8
529,13.9
396,13.9
208,11.1
47,10.6
17,10.6
0,10
0,10
0,10
0,10
0,10
0,10.6
0,10
0,10
7,10
31,10
63,10.6
322,11.1
340,12.8
215,12.8
244,12.8
695,12.2
262,13.3
505,15
728,14.4
256,14.4
368,14.4
236,14.4
133,13.3
29,12.2
0,11.1
0,10.6
0,10
0,10
0,9.4
0,8.9
0,8.3
0,8.3
10,8.9
45,9.4
213,10.6
212,11.7
490,13.3
558,13.9
483,15
798,16.1
792,17.2
818,17.2
652,18.3
415,18.3
487,16.1
227,15.6
90,15.6
25,15
0,15
0,13.9
0,12.8
0,12.2
0,11.7
0,11.7
0,11.1
0,11.1
7,11.7
30,11.7
63,11.7
106,12.8
384,13.9
622,15
568,16.7
770,17.8
843,18.3
692,18.9
589,20
339,19.4
281,18.9
229,19.4
112,18.3
31,17.2
0,15.6
0,13.3
0,12.8
0,12.2
0,13.3
0,11.7
0,10.6
0,10.6
14,10.6
115,11.7
275,13.3
421,14.4
557,15.6
629,16.7
636,17.8
754,19.4
926,20
812,21.1
740,21.1
343,21.7
359,22.2
95,20.6
47,16.7
19,13.3
0,13.3
0,12.8
0,12.2
0,11.7
0,11.7
0,11.7
0,11.7
0,11.1
21,10.6
35,10.6
134,11.1
332,12.2
562,14.4
634,15
920,16.1
892,17.2
822,17.8
827,18.3
541,18.9
580,18.3
542,17.2
343,16.7
141,16.1
44,15
0,13.9
0,13.3
0,12.8
0,12.2
0,11.7
0,11.7
0,11.1
0,10.6
16,11.1
121,11.7
280,12.8
440,13.9
626,15.6
761,17.2
877,18.3
936,19.4
945,20.6
904,21.1
815,20.6
685,20.6
525,20.6
348,19.4
176,18.3
42,17.2
0,16.1
0,16.7
0,15.6
0,15.6
0,13.3
0,13.9
0,13.9
0,13.3
13,13.9
102,14.4
264,15.6
442,17.2
612,18.3
756,20
862,21.7
922,22.2
931,23.3
889,23.3
799,23.9
667,24.4
505,25
327,24.4
146,23.3
34,21.1
0,19.4
0,17.8
0,17.8
0,16.7
0,15
0,13.9
0,13.3
0,12.8
11,12.8
105,13.3
138,12.8
411,14.4
579,16.1
692,17.8
790,18.9
821,20.6
830,21.7
817,23.3
576,24.4
600,25
386,23.3
256,23.3
107,22.8
32,19.4
0,17.8
0,15.6
0,14.4
0,13.9
0,13.3
0,12.8
0,12.2
0,11.7
14,11.1
26,11.7
59,11.7
169,12.2
590,14.4
714,16.1
860,17.8
929,20.6
938,21.1
897,22.8
738,23.3
642,24.4
503,24.4
338,23.9
179,23.3
45,20
0,17.8
0,15.6
0,14.4
0,13.9
0,14.4
0,13.9
0,14.4
0,14.4
8,13.9
43,13.3
71,13.9
121,13.9
170,13.9
212,13.9
242,15
259,15.6
261,16.1
250,17.2
434,16.7
224,17.8
483,17.8
214,17.2
53,16.7
28,16.1
0,14.4
0,13.9
0,13.3
0,13.3
0,13.3
0,12.8
0,12.8
0,12.8
7,12.8
40,12.8
151,13.3
353,15
319,14.4
721,15.6
718,17.8
763,18.3
565,18.3
638,18.9
435,18.9
630,20
356,19.4
295,18.9
132,17.8
32,16.7
0,15
0,13.3
0,13.3
0,13.9
0,13.9
0,12.8
0,11.1
0,11.7
11,11.1
104,11.7
260,13.9
437,15.6
608,16.7
710,17.8
850,19.4
792,19.4
805,21.1
809,21.1
713,21.7
549,21.7
447,21.7
302,21.7
107,20
27,17.2
0,16.7
0,16.1
0,15
0,14.4
0,13.3
0,13.3
0,12.8
0,12.8
7,12.8
40,12.8
71,13.3
122,13.9
171,14.4
704,16.7
378,18.3
587,18.9
816,21.1
666,20.6
517,20.6
407,20.6
300,20
138,20
71,19.4
28,18.9
0,16.1
0,14.4
0,15
0,15.6
0,15.6
0,14.4
0,13.9
0,13.3
10,13.3
98,13.9
232,14.4
431,16.1
601,17.8
745,20
851,21.1
912,21.1
922,22.8
882,23.9
794,24.4
664,25
503,23.9
326,23.3
159,21.7
37,19.4
0,17.8
0,17.8
0,16.7
0,16.1
0,15
0,14.4
0,13.9
0,13.3
10,13.3
92,14.4
251,16.1
428,17.8
597,18.9
742,21.1
848,21.7
909,22.8
919,24.4
879,25
791,26.1
661,26.1
500,26.7
293,25.6
142,24.4
34,21.7
0,16.7
0,18.3
0,15
0,13.9
0,13.3
0,12.8
0,12.8
0,13.3
5,12.8
28,12.8
63,12.2
106,12.2
175,13.3
215,13.9
244,14.4
261,15
264,16.7
253,16.7
229,17.2
193,17.8
148,17.8
97,17.2
136,17.2
31,16.7
0,16.1
0,16.1
0,15.6
0,15
0,15
0,14.4
0,13.9
0,13.3
12,13.3
49,13.3
144,13.9
376,15
266,16.1
518,17.8
700,18.3
682,18.9
363,18.9
318,19.4
521,20.6
617,20.6
409,20.6
241,20.6
103,19.4
25,17.8
0,16.7
0,16.3
0,15.9
0,15.5
0,15.1
0,14.7
0,14.3
0,13.9
15,13.3
112,15
151,15
112,15
124,15.6
103,15.6
201,14.4
220,15.6
687,21.1
914,20
860,20
554,17.8
252,17.2
96,16.7
39,16.1
6,15.6
0,15
0,14.4
0,13.3
0,12.8
0,12.8
0,12.2
0,12.2
0,12.2
5,12.2
38,12.2
106,12.8
179,14.4
318,15
644,17.2
653,17.2
752,18.9
540,18.9
726,20
521,19.4
471,19.4
196,16.7
233,16.7
80,16.7
18,16.1
0,14.4
0,14.4
0,14.4
0,13.9
0,12.8
0,12.2
0,11.7
0,11.1
6,11.7
33,11.7
109,12.8
189,13.3
205,14.4
168,14.4
396,16.1
402,16.1
620,18.3
827,20
449,16.7
303,15
476,17.2
185,16.1
127,15.6
23,15
0,13.3
0,13.3
0,12.8
0,12.8
0,12.8
0,12.2
0,11.7
0,11.7
9,11.1
32,11.7
53,11.7
118,12.8
231,13.9
538,15
955,18.9
934,18.9
897,20
669,18.3
516,17.2
422,16.1
450,17.8
51,13.9
100,15
48,13.9
1,12.2
0,12.2
0,12.2
0,12.2
0,11.7
0,11.1
0,11.1
0,11.1
6,11.7
40,12.2
254,14.4
408,15
358,15.6
496,17.2
972,17.8
775,18.3
858,20
591,16.7
580,18.3
595,18.3
518,18.3
278,16.7
124,16.7
50,15.6
1,15
0,15
0,14.4
0,14.4
0,12.2
0,12.2
0,11.7
0,11.7
12,11.7
64,12.8
169,12.8
439,16.1
581,16.1
348,15.6
633,18.3
664,18.9
695,20.6
902,20.6
823,21.7
677,22.8
508,21.7
338,21.1
160,19.4
50,18.3
1,16.1
0,15.6
0,15.6
0,15
0,14.4
0,13.9
0,12.8
0,12.2
12,11.1
108,13.3
266,14.4
439,16.7
608,17.8
753,20
858,23.3
916,23.3
880,24.4
795,25.6
652,26.7
590,27.2
283,26.1
198,24.4
109,22.2
30,20.6
1,20
0,17.8
0,16.7
0,15
0,13.9
0,13.9
0,15
0,13.3
7,13.3
55,12.8
195,15.6
419,16.7
418,17.2
624,18.9
873,21.1
932,21.7
846,21.7
767,22.2
772,21.7
550,21.1
319,20.6
225,20
108,18.3
20,16.7
0,15.6
0,15
0,15
0,14.4
0,13.9
0,13.3
0,13.3
0,13.3
3,13.3
19,13.3
60,13.9
96,14.4
116,14.4
97,13.9
454,15
320,15.6
663,13.9
675,17.8
639,20.6
579,19.4
202,18.3
188,18.3
60,18.3
9,17.8
0,16.7
0,16.7
0,16.1
0,15.6
0,15
0,15.6
0,13.9
0,13.3
7,13.3
23,12.8
55,13.3
138,13.9
270,15
563,17.8
864,18.3
905,20
787,20
783,21.1
472,21.1
484,21.1
361,20.6
205,21.1
99,20
14,18.9
0,17.8
0,16.7
0,16.1
0,15.6
0,15.6
0,15
0,15
0,15
3,15
23,14.4
66,14.4
86,15
155,15.6
239,17.2
504,20
563,19.4
382,19.4
397,20.6
691,21.7
707,22.8
486,20.6
325,19.4
151,17.8
35,15
0,15
0,15
0,13.9
0,13.9
0,13.9
0,13.9
0,13.3
0,13.3
1,12.8
8,12.8
103,12.8
55,12.8
56,12.8
140,12.8
213,13.9
234,14.4
384,15.6
895,18.3
712,18.3
458,18.9
336,18.9
148,17.8
39,16.7
4,16.1
0,17.2
0,16.1
0,15.6
0,15
0,13.3
0,12.8
0,13.3
0,13.3
1,12.8
17,12.8
122,13.9
275,15
334,16.1
599,17.2
742,18.9
924,20
949,21.1
888,21.7
656,22.2
551,22.2
372,21.7
185,21.1
88,20.6
33,18.9
0,16.7
0,15
0,13.9
0,15
0,13.9
0,13.9
0,12.8
0,13.3
4,13.3
37,14.4
88,14.4
156,15
251,16.1
456,17.2
478,17.8
883,20.6
918,20.6
871,22.2
792,23.3
670,24.4
505,24.4
328,23.9
166,23.3
40,20.6
0,20
0,18.3
0,17.8
0,16.7
0,16.1
0,15
0,15
0,14.4
6,13.9
52,14.4
64,14.4
146,15.6
229,16.7
314,17.8
455,18.3
656,19.4
830,20.6
861,21.7
762,22.2
662,22.8
504,23.3
325,22.8
158,21.7
29,18.9
0,18.3
0,17.2
0,15.6
0,15.6
0,13.9
0,12.2
0,13.3
0,13.3
2,13.3
26,13.3
71,13.3
120,14.4
149,15
244,16.1
280,16.7
334,17.8
253,18.9
372,18.9
162,17.8
146,17.8
81,17.8
68,16.7
30,16.1
7,16.1
0,16.1
0,16.1
0,16.1
0,16.1
0,16.1
0,15
0,15
0,14.4
4,13.9
42,14.4
123,15
115,15.6
446,16.7
707,17.8
682,17.8
688,17.8
496,18.9
617,20.6
371,19.4
445,20
183,17.8
97,17.2
16,16.1
21,16.1
0,15
0,14.4
0,13.3
0,13.3
0,12.8
0,12.8
0,12.2
0,12.2
6,12.8
67,12.8
235,15
318,16.1
549,16.7
766,18.9
864,18.9
879,19.4
881,20
912,22.2
758,22.2
685,21.7
498,20.6
275,20
151,19.4
20,17.8
0,16.1
0,16.1
0,15.6
0,15
0,14.4
0,14.4
0,14.4
0,13.9
6,11.1
86,13.9
242,15
419,15.6
586,17.8
735,18.3
841,20.6
914,21.7
928,22.8
880,23.3
795,24.4
602,24.4
510,23.3
335,22.8
161,21.7
32,18.3
0,17.2
0,16.7
0,16.1
0,16.1
0,15.6
0,15.6
0,15.6
0,13.9
6,13.3
73,13.9
242,17.2
254,17.2
368,18.3
353,18.9
836,21.7
827,23.9
940,26.1
709,26.7
388,26.7
566,27.8
545,27.8
340,25.6
147,22.8
16,18.9
0,17.8
0,16.1
0,15.6
0,14.4
0,13.9
0,13.3
0,13.9
0,13.3
9,13.3
67,13.9
84,15
129,15.6
475,17.8
575,18.3
764,19.4
827,20.6
917,21.7
714,21.1
463,22.2
659,23.3
501,23.3
325,22.8
153,22.2
26,18.3
0,17.2
0,16.7
0,16.1
0,15.6
0,15
0,14.4
0,13.9
0,13.9
4,13.3
75,14.4
224,16.1
401,17.8
572,18.9
714,20.6
827,21.7
895,23.3
914,22.2
874,24.4
780,25.6
654,26.1
496,25
322,23.9
151,21.1
26,18.3
0,18.3
0,17.2
0,16.7
0,16.1
0,15.6
0,14.4
0,13.9
0,12.8
4,12.2
80,13.9
237,16.1
417,17.8
590,18.9
733,21.1
848,22.8
910,24.4
924,26.1
890,27.8
785,27.2
670,27.8
509,26.7
333,26.1
160,24.4
31,22.8
0,21.7
0,18.9
0,20
0,19.4
0,18.3
0,17.2
0,16.7
0,16.7
2,15.6
72,17.2
240,18.9
394,21.7
570,23.9
692,24.4
816,26.7
814,26.1
809,28.3
818,29.4
603,30.6
491,28.9
310,28.3
340,28.9
142,27.8
19,23.9
0,22.8
0,20.6
0,19.4
0,16.7
0,15.6
0,14.4
0,14.4
0,13.9
2,13.9
19,13.9
64,14.4
127,15
220,16.1
419,17.8
716,19.4
866,20
882,21.7
694,22.2
555,22.8
378,23.9
403,25.6
196,22.2
73,21.1
13,19.4
0,17.8
0,16.1
0,16.1
0,14.4
0,13.9
0,13.3
0,13.3
0,13.9
1,13.3
15,13.3
61,13.9
131,14.4
171,15
220,15.6
375,16.7
371,18.9
449,18.9
522,21.1
657,22.2
626,22.8
469,23.3
294,23.9
133,23.3
20,22.2
0,21.7
0,15.6
0,15
0,15.6
0,13.9
0,13.9
0,13.3
0,13.3
3,12.8
56,13.3
197,15
366,16.1
551,17.8
698,19.4
804,20.6
867,22.2
874,23.3
847,23.9
731,25
624,26.1
473,25.6
290,25
79,22.8
18,20
0,18.9
0,17.8
0,16.1
0,15
0,15
0,15
0,15
0,14.4
1,14.4
43,15
67,15.6
139,15.6
448,18.3
725,19.4
870,20.6
903,22.2
934,23.3
479,20
407,20
662,20
398,21.1
323,20.6
128,18.9
22,17.8
0,16.1
0,15
0,14.4
0,13.9
0,14.4
0,13.3
0,13.9
0,13.9
0,13.9
10,13.9
43,15.6
200,15.6
309,16.1
513,17.2
814,18.9
900,20.6
909,21.1
868,22.8
755,23.3
643,23.3
441,23.9
174,21.7
69,21.1
10,20.6
0,21.1
0,18.9
0,18.3
0,17.2
0,16.7
0,15
0,15.6
0,15
2,13.9
59,13.9
205,16.7
376,18.3
540,20.6
686,22.2
802,23.9
875,26.1
880,26.1
840,26.7
756,27.2
631,27.8
472,26.7
300,26.7
132,24.4
16,21.7
0,21.1
0,21.1
0,20
0,19.4
0,18.9
0,18.3
0,18.3
0,17.2
2,17.2
60,17.8
208,19.4
383,21.1
553,22.2
695,23.3
807,26.1
873,26.1
889,27.2
847,28.3
769,28.3
633,28.9
475,28.3
298,26.7
131,25
16,22.8
0,21.7
0,20.3
0,18.8
0,17.4
0,16
0,14.6
0,13.1
0,11.7
0,11.3
46,11.3
161,11.4
194,11.8
475,12.1
146,12.6
199,13.4
255,14.7
259,16.1
311,18.3
281,20.4
237,21.8
181,21.8
117,19.8
53,17.5
7,15.6
0,15
0,15.2
0,14.8
0,13.8
0,13.8
0,13.8
0,13.4
0,13.1
0,13.2
57,13.7
125,13.5
57,13.8
245,13.9
297,15
541,16.5
554,17.7
557,18.9
565,18
507,18.5
433,17.7
432,16.2
190,14.6
92,14.4
8,13.9
0,13.5
0,12.9
0,12.7
0,12.6
0,12.1
0,11.9
0,11.8
0,11.7
0,11.8
31,11.8
71,11.9
246,12
259,12.1
449,14.1
437,15.9
541,17.6
585,18.2
452,19
212,19.2
179,19.8
165,19.1
100,18
42,16
5,14.6
0,14.5
0,14.7
0,14.4
0,14.1
0,13.9
0,14
0,13.9
0,14
0,13.9
50,13.6
131,13
255,13
292,13.2
405,14.4
668,15
767,17.6
774,19.7
778,20.2
633,19.1
468,19.6
346,18.6
260,17.4
115,16
10,15.1
0,14.6
0,13.8
0,13.7
0,13.3
0,12.8
0,12.8
0,13
0,12.7
0,12.6
25,13.1
169,13.5
248,14
470,15.2
605,16.5
753,17.5
828,19.5
819,20.3
829,20.7
723,21.4
557,22
353,21.6
264,20.6
100,19.1
7,17.3
0,16
0,15.2
0,14.2
0,13.5
0,12.9
0,12.2
0,11.6
0,11.4
0,11
45,11.9
190,12
367,14.2
541,15.3
689,17.1
800,17.9
864,19.5
877,21.7
838,22.6
750,23.7
618,23.8
455,23.4
276,23.8
109,21.8
8,19.6
0,19.9
0,17.9
0,17.7
0,16.9
0,16.3
0,14.6
0,14.7
0,12.6
0,12.4
35,12.7
168,15.4
343,17.8
518,20.6
669,22.2
782,23.5
848,25.1
861,26.2
821,27.1
731,27.2
597,27.7
431,27.5
252,26.6
92,24.7
5,22.3
0,22
0,21.7
0,20.9
0,20.5
0,19.2
0,17.8
0,15.6
0,14
0,15.1
38,16.8
180,18
358,19.7
532,22.1
682,23.6
793,25.4
858,26.6
871,28.3
831,29.4
741,30.3
609,30
444,29.8
264,28
99,26
6,23
0,24.3
0,23.4
0,19.9
0,17.9
0,17.9
0,16.7
0,15.7
0,15
0,14.6
29,16.8
153,19.4
261,21.5
425,22.8
539,23.8
721,24.5
747,25.4
751,27.4
807,28.5
687,28
584,29.4
296,28.5
212,28
82,25.3
4,23.3
0,23.8
0,23.1
0,20.6
0,20.6
0,19.1
0,16.7
0,18.4
0,18
0,17.4
39,17
183,19.6
361,21
534,22.5
682,23.2
793,24.3
857,26.1
869,27.2
829,29.4
740,30.2
608,31.2
445,31.8
266,30.7
99,29.9
5,25.6
0,23
0,22.5
0,18.4
0,16.4
0,16.1
0,15.8
0,13.9
0,12.5
0,13.2
33,13.8
105,14.6
295,15.7
448,16.9
587,18.4
783,18.8
850,20.4
815,21.2
767,21.5
671,21.8
583,22.3
414,21.7
193,21.1
77,19.8
3,18.2
0,16.2
0,15.7
0,16.6
0,16.6
0,16.4
0,14.5
0,13.6
0,13.2
0,14.2
31,14.9
167,16.3
343,17.9
517,19.2
666,20.9
778,22.5
842,23.6
854,24.4
813,25.1
723,25.7
590,25.1
425,24.6
246,23.3
85,21.5
3,19.9
0,20.3
0,19.7
0,19.2
0,18.4
0,17.2
0,16.8
0,16.5
0,16.2
0,15.6
31,15.5
169,17.9
345,19.5
518,20.9
666,22.7
777,24.9
841,26.1
844,26.5
749,27.2
622,28.1
494,28.2
317,27.5
160,26.4
50,24.3
3,22.9
0,23.2
0,23.1
0,22
0,20.3
0,20.5
0,17.1
0,16.5
0,15.1
0,15.4
27,15.2
153,16.8
329,17.9
463,19
656,21.1
774,22.8
838,25
850,25.7
810,26.4
666,27
586,27.5
420,26.8
241,25.2
80,24
2,22.8
0,19.9
0,18.3
0,18
0,17.5
0,17.5
0,17.2
0,13.4
0,13
0,12.7
23,14.8
92,14.3
108,16.8
200,17.9
570,20.5
259,20.8
528,22.9
726,24
731,25.5
574,25.8
480,26.2
384,26.1
217,25.5
71,24.3
1,23.4
0,21.5
0,18.3
0,17.6
0,16.3
0,15.5
0,14.5
0,14.4
0,13.8
0,15.2
9,15.5
38,15.5
67,15.6
123,17.2
190,17.7
221,19.1
239,19.2
302,20.3
230,20.3
256,19.4
209,18.9
119,17.7
67,17.4
31,17
0,16.6
0,16.1
0,15
0,14.6
0,14
0,14.1
0,13.6
0,13.3
0,13.3
0,12.8
11,12.9
43,13.2
93,13.6
143,14.7
187,16.3
510,17.3
259,17.9
357,17.9
461,20.5
246,20.3
193,19.9
198,20.2
122,18.8
54,17.5
0,16.8
0,16.1
0,14.8
0,14.1
0,13.8
0,13.8
0,14
0,12.2
0,11.5
0,11.5
7,11.5
51,12.3
104,13.2
153,14.6
244,16.8
345,18.3
416,19
562,19.4
293,20.5
436,20.5
441,21.2
360,20.7
131,19.8
41,17.7
1,16.4
0,15
0,15.8
0,14.9
0,14.5
0,14.1
0,13.7
0,13.2
0,13.1
0,12.2
12,12.1
130,13.6
257,14.9
414,16
240,16.9
195,18
291,19
516,20.1
551,19.7
371,20.7
251,19.6
315,20
152,19
42,17.6
0,16.9
0,15.1
0,14.6
0,14.4
0,14.5
0,14.4
0,14.1
0,14.1
0,13.9
0,14.1
7,14
37,14.1
95,14.3
146,14.8
188,16
157,17.1
301,19
287,19.2
319,21
360,20
355,19.2
237,20.1
67,19
54,18
0,17
0,17
0,17.2
0,16.4
0,15.6
0,13.6
0,14.2
0,12.5
0,11.7
0,11
15,12.2
132,13.7
263,15.2
459,17.2
605,18.4
558,20.8
779,22.7
603,23.2
477,23.8
345,24.8
195,23.5
137,23.3
101,22.3
44,19.3
0,17.3
0,15.8
0,15.9
0,15.7
0,14.4
0,14.8
0,14
0,12.3
0,11.5
0,13
15,13.1
132,14.6
303,16.3
478,18.9
629,21.1
741,22.1
804,23.4
815,25
772,26.2
678,26.7
541,27
373,26.4
195,24.4
47,21.4
0,20.3
0,19.1
0,20.1
0,19.3
0,18
0,14.8
0,17.1
0,16.3
0,14.5
0,15.1
18,14.3
144,16.6
319,18.9
492,21.2
641,22.4
751,24.7
813,25.8
824,27.3
781,28.3
688,29
553,28.7
387,27.8
208,26
52,23.6
0,22.3
0,21.6
0,21.2
0,20.2
0,20
0,18.5
0,17.4
0,17.5
0,16.7
0,15
16,15.6
138,17.4
312,20.2
485,21.9
634,23.8
744,25.5
806,26.6
816,28.9
773,29.1
679,29.6
543,29.7
377,29.8
199,28.4
47,24.6
0,23.6
0,23.7
0,21.9
0,20.2
0,20
0,20
0,19.6
0,18.6
0,18.2
0,17.4
10,18.2
75,18.8
260,19.7
395,20.5
325,23.1
420,23.7
487,24.4
473,25.7
439,27.4
433,26.4
187,26.8
82,26.8
63,24.8
23,23.5
0,22.6
0,21.6
0,20.9
0,19.1
0,18.3
0,16.7
0,15.9
0,16.4
0,15.2
0,14.7
6,14.9
75,16.4
205,16.3
328,17.4
236,18.3
274,19.2
295,22.2
298,22.2
283,20.5
251,20.2
204,21.1
197,21.6
133,20.7
18,18.9
0,18.1
0,16.5
0,14.9
0,14.8
0,14.7
0,14.6
0,14.5
0,14.8
0,14.9
0,14.6
7,15
67,15.7
88,15.9
183,16.1
191,17.2
266,17.4
624,17.5
375,18.8
467,19.3
132,18.4
147,18.5
97,18.7
48,18.4
16,17.7
0,17
0,16.8
0,16.2
0,16.2
0,16.2
0,16.3
0,16.1
0,16.2
0,15.7
0,14.8
6,15
91,16.8
67,18.8
280,19.4
557,20.9
703,21.9
425,22.9
290,23.7
274,23
241,24.5
193,24.1
132,24
67,23.9
17,23.7
0,22
0,20.2
0,19.2
0,17.7
0,18.3
0,17.8
0,18.8
0,17.1
0,15.5
0,15.2
8,15.3
120,18
255,20.5
450,22.8
562,25.6
677,26.8
669,28.4
769,28.9
508,29.7
620,30.9
479,31.5
190,30.7
94,30.8
32,27.2
0,24
0,21.7
0,19.9
0,19.2
0,18.1
0,17.8
0,17.4
0,17.4
0,17.2
0,17
4,17.2
46,16.3
115,17.4
257,19.2
338,20
377,20.7
597,21.2
638,23.4
546,24
540,24
317,22.7
287,22.3
107,20
17,18.6
0,17.9
0,17.4
0,17
0,16.5
0,16.4
0,15.4
0,16
0,15.8
0,15.4
0,15.2
3,15
41,14
94,14.5
144,15.7
185,15.8
215,17.1
231,18.3
234,19
564,19.5
384,21.3
472,21.6
336,21.5
139,20.3
24,19.1
0,18.1
0,16.6
0,16.5
0,16.5
0,16.4
0,16.3
0,16.2
0,16.2
0,16.1
0,15.6
0,15
48,15
90,16.1
188,16.7
98,17.2
120,15
189,15
429,16.7
440,17.8
275,18.9
485,18.9
310,17.8
174,17.8
13,16.7
0,16.1
0,15.6
0,15
0,15
0,14.4
0,13.9
0,13.9
0,13.3
0,13.3
0,12.2
0,12.8
75,12.8
250,13.9
405,15.6
570,16.7
649,17.2
716,18.9
736,18.9
511,20
215,19.4
479,20.6
270,20
152,19.4
10,17.8
0,17.2
0,16.7
0,16.1
0,15
0,14.4
0,14.4
0,14.4
0,14.4
0,14.4
0,13.9
0,12.8
19,13.3
76,13.9
263,15
212,15.6
205,16.1
154,16.7
196,16.7
684,17.2
498,17.8
385,18.9
306,18.9
114,17.8
6,16.7
0,15.6
0,15
0,14.4
0,13.9
0,13.9
0,13.9
0,13.9
0,13.3
0,13.3
0,12.8
0,12.8
43,13.9
253,15.6
424,16.7
309,16.7
495,16.1
284,17.2
325,17.2
269,17.2
431,17.2
314,17.8
300,17.2
74,16.7
3,16.1
0,14.4
0,14.4
0,13.3
0,13.3
0,12.8
0,12.8
0,12.8
0,11.7
0,11.7
0,10.6
0,11.1
24,10.6
79,12.2
333,12.8
341,13.3
256,13.3
408,14.4
571,16.1
448,16.7
580,16.7
307,17.2
294,17.2
154,16.1
5,15
0,14.4
0,14.4
0,13.3
0,12.2
0,11.7
0,10.6
0,10.6
0,10.6
0,10
0,9.4
0,10.6
15,11.1
70,11.7
156,12.2
320,13.3
210,14.4
272,13.9
467,14.4
519,15
338,16.1
330,15.6
200,15.6
97,15
2,14.4
0,13.9
0,14.4
0,13.9
0,13.9
0,13.9
0,13.9
0,13.9
0,12.8
0,12.2
0,12.2
0,12.2
26,12.8
123,13.9
75,14.4
568,14.4
665,17.2
728,17.8
750,17.8
711,18.9
595,18.9
464,19.4
325,18.9
135,17.2
2,15.6
0,15.6
0,15.6
0,15
0,14.4
0,13.3
0,13.3
0,12.8
0,11.7
0,11.1
0,10
0,11.1
85,12.8
258,13.9
427,16.1
573,17.2
682,17.8
722,18.9
744,20
712,21.1
610,22.8
480,22.8
319,23.3
160,20
1,17.2
0,16.7
0,16.7
0,16.1
0,15
0,15
0,14.4
0,13.3
0,12.8
0,12.8
0,12.2
0,11.7
81,13.3
243,15.6
426,16.7
562,17.2
671,18.9
716,20
744,20.6
680,21.1
590,21.7
415,21.1
268,20.6
132,19.4
0,17.2
0,16.7
0,16.1
0,15
0,14.4
0,13.9
0,13.9
0,12.8
0,11.7
0,11.1
0,11.7
0,10.6
79,12.2
247,14.4
416,16.1
556,17.2
659,18.9
734,19.4
739,20.6
675,22.2
605,22.8
453,22.2
316,22.2
140,20.6
0,19.4
0,18.3
0,17.2
0,17.2
0,16.1
0,14.4
0,13.9
0,13.9
0,13.3
0,13.3
0,12.2
0,11.7
78,13.9
241,15
405,16.7
561,18.9
619,20
710,21.1
659,21.7
669,22.8
599,23.3
462,23.3
310,22.2
129,21.1
0,18.3
0,18.3
0,17.8
0,17.2
0,15.6
0,14.4
0,14.4
0,15
0,12.8
0,12.2
0,12.2
0,11.7
68,13.9
232,16.1
385,18.3
550,20.6
619,21.7
705,22.2
659,22.8
637,24.4
545,24.4
434,24.4
295,23.3
93,21.7
0,20
0,19.4
0,19.4
0,18.3
0,17.2
0,17.8
0,15
0,16.1
0,12.8
0,12.8
0,12.8
0,12.8
67,14.4
235,16.1
394,18.3
545,18.3
608,19.4
699,20
635,21.1
676,22.8
580,23.3
428,23.9
261,23.9
101,22.8
0,20.6
0,18.9
0,18.3
0,18.3
0,17.8
0,17.8
0,16.7
0,15
0,13.9
0,13.9
0,12.8
0,11.7
65,13.9
221,15.6
383,17.2
544,18.3
602,20
693,21.1
697,22.8
664,23.9
568,23.9
422,24.4
264,25
83,21.7
0,20.6
0,18.9
0,18.3
0,17.2
0,16.7
0,16.1
0,15
0,14.4
0,12.8
0,11.7
0,11.7
0,11.1
59,13.3
220,13.9
393,15.6
528,18.9
636,18.3
693,21.1
691,21.7
639,21.7
445,22.8
333,23.9
200,22.8
0,21.7
0,21.1
0,18.3
0,16.1
0,14.4
0,13.9
0,13.3
0,12.2
0,12.2
0,11.7
0,11.1
0,11.1
0,10.6
21,10.6
72,11.1
109,11.1
129,11.7
136,11.7
201,12.2
222,12.8
207,13.3
233,13.9
281,13.9
174,14.4
0,12.8
0,12.2
0,12.2
0,12.8
0,12.8
0,12.8
0,12.8
0,12.8
0,12.2
0,12.2
0,11.7
0,11.7
0,11.1
21,11.1
67,11.1
99,11.7
145,11.7
131,11.7
113,12.8
136,12.8
149,12.8
234,13.3
115,13.3
69,13.3
0,13.3
0,13.3
0,13.9
0,13.3
0,12.8
0,12.8
0,12.8
0,12.8
0,12.8
0,12.8
0,13.3
0,12.2
0,12.2
18,12.8
96,12.8
203,13.3
107,12.8
148,13.3
314,15.6
284,15.6
252,15.6
207,16.1
146,16.1
119,16.1
0,15.6
0,16.1
0,15.6
0,13.3
0,13.3
0,12.8
0,11.7
0,12.2
0,12.2
0,12.2
0,12.2
0,12.2
0,12.2
15,12.2
145,12.2
311,13.3
473,15
579,15
664,16.1
612,16.7
596,17.2
511,18.3
370,17.2
222,17.2
0,15.6
0,14.4
0,13.3
0,12.8
0,12.2
0,12.2
0,11.7
0,11.1
0,10.6
0,10
0,10
0,9.4
0,9.4
42,10.6
194,11.1
345,13.3
483,15.6
442,15.6
534,16.7
532,17.2
616,17.8
498,18.3
364,18.9
246,17.8
0,15
0,15.6
0,16.1
0,13.3
0,12.8
0,12.8
0,13.3
0,13.3
0,13.3
0,13.3
0,13.3
0,12.2
0,12.2
10,12.2
37,12.8
59,12.8
102,13.9
193,14.4
219,15.6
291,15.6
403,17.2
250,17.2
218,17.8
177,17.2
0,16.1
0,16.7
0,16.7
0,16.1
0,16.1
0,15
0,14.4
0,13.9
0,12.8
0,12.8
0,12.2
0,12.8
0,12.2
33,12.2
114,12.8
211,13.9
429,16.7
522,18.3
658,20
656,21.1
617,22.8
514,23.3
383,25
223,23.3
0,20.6
0,19.4
0,17.2
0,15.6
0,16.7
0,15.6
0,15
0,14.4
0,15
0,13.9
0,13.3
0,12.8
0,13.3
36,12.2
182,13.9
333,16.1
487,18.9
555,18.9
629,20
638,22.2
605,23.3
474,23.3
346,23.3
227,22.2
0,20.6
0,19.4
0,19.4
0,17.8
0,16.7
0,15
0,16.1
0,13.3
0,12.8
0,12.2
0,12.8
0,12.2
0,12.8
22,12.8
56,13.3
122,13.3
144,13.3
170,13.3
172,15
167,14.4
182,15
440,16.1
356,16.7
199,16.7
0,14.4
0,13.3
0,13.3
0,12.8
0,13.3
0,13.3
0,13.3
0,12.8
0,13.3
0,13.3
0,13.3
0,13.3
0,13.3
5,13.3
36,13.9
141,13.9
91,14.4
142,13.9
225,15
105,15.6
98,15
105,14.4
64,13.9
34,13.9
5,13.9
0,13.3
0,13.3
0,13.9
0,13.9
0,13.9
0,13.9
0,13.9
0,13.3
0,13.3
0,13.3
0,13.3
0,13.3
5,13.3
40,12.8
73,13.9
80,13.3
96,13.9
136,15
105,15.6
98,11.7
168,11.7
336,13.3
196,13.3
28,12.2
0,11.7
0,11.1
0,10.6
0,10.6
0,10
0,10
0,8.9
0,8.3
0,8.3
0,7.2
0,7.2
0,8.3
25,8.9
106,8.9
218,10
192,10.6
396,12.2
297,12.2
360,13.3
340,12.8
141,13.3
113,13.3
154,13.9
20,12.8
0,11.7
0,10.6
0,10
0,10
0,10
0,9.4
0,10
0,9.4
0,8.3
0,8.9
0,8.3
0,8.3
22,8.9
153,10
281,11.7
389,12.8
470,15
564,16.7
565,17.2
530,17.2
444,18.3
348,18.3
206,17.2
24,16.1
0,15
0,13.9
0,13.3
0,12.8
0,11.1
0,10.6
0,11.1
0,10
0,10
0,10.6
0,11.7
0,10.6
18,11.1
85,12.2
164,13.3
202,14.4
260,16.1
356,16.7
609,18.9
387,20.6
276,20
269,21.1
162,20.6
16,18.3
0,17.2
0,14.4
0,14.4
0,13.9
0,12.8
0,12.8
0,12.2
0,11.7
0,11.7
0,11.1
0,11.1
0,11.7
7,11.7
54,12.2
101,12.2
112,12.8
192,13.3
261,13.9
473,15
571,16.7
482,17.8
336,17.2
180,16.7
16,15
0,14.4
0,14.4
0,13.3
0,13.6
0,14
0,14.3
0,14.6
0,14.9
0,15.3
0,15.6
0,15.6
0,15.6
13,15.6
57,15.6
141,16.1
147,16.1
177,16.7
192,17.2
360,16.7
503,17.2
254,16.7
282,16.7
109,16.7
16,15.6
0,15
0,12.8
0,13.3
0,12.8
0,12.2
0,12.2
0,11.1
0,10
0,10
0,9.4
0,9.4
0,9.4
25,9.4
84,10.6
168,11.1
359,12.2
369,13.9
602,15
599,16.1
515,16.7
451,17.2
295,17.2
155,15.6
22,14.4
0,13.9
0,12.8
0,12.2
0,12.2
0,12.2
0,11.1
0,10
0,10.6
0,10
0,10
0,7.8
0,9.4
26,9.4
163,11.1
326,12.8
469,15
572,16.1
625,17.2
624,18.3
567,18.3
461,18.9
315,18.3
149,17.2
21,16.1
0,15.6
0,15
0,14.4
0,13.3
0,11.7
0,12.8
0,11.7
0,12.2
0,12.2
0,12.2
0,11.7
0,10.6
23,11.1
156,13.9
319,15.6
462,17.2
565,18.9
618,20.6
616,20.6
559,21.1
452,21.7
307,21.1
144,20.6
18,17.8
0,16.1
0,17.2
0,13.9
0,16.1
0,13.9
0,13.3
0,11.1
0,11.1
0,10
0,9.4
0,8.3
0,8.3
20,9.4
143,10
266,11.7
427,13.9
488,15
423,16.1
223,16.1
202,16.1
240,16.7
88,15
50,14.4
10,13.3
0,13.9
0,12.2
0,11.1
0,10
0,10.6
0,11.1
0,10.6
0,10
0,11.7
0,11.1
0,11.1
0,11.1
15,10.6
94,11.7
233,12.2
321,13.3
390,15
530,15.6
462,16.7
369,17.2
342,17.2
206,17.8
83,17.2
12,15.6
0,14.4
0,13.9
0,12.8
0,12.2
0,11.7
0,11.7
0,11.1
0,11.1
0,11.1
0,10.6
0,10
0,9.4
18,9.4
147,10
275,11.1
446,13.9
544,15
601,16.1
595,17.2
342,17.2
400,18.3
203,16.7
109,16.1
13,13.9
0,13.3
0,13.9
0,12.8
0,11.1
0,12.2
0,10
0,10
0,9.4
0,9.4
0,9.4
0,10
0,9.4
6,9.4
109,9.4
60,10
170,10.6
392,15
495,17.8
532,17.8
511,20
222,19.4
191,20
85,18.3
7,16.1
0,15
0,15.6
0,12.8
0,12.8
0,14.4
0,12.8
0,12.2
0,12.2
0,11.1
0,11.1
0,10.6
0,11.1
14,10.6
84,11.7
280,13.9
319,16.1
284,17.8
205,17.8
223,17.2
202,17.8
165,17.8
117,18.3
97,17.8
11,16.1
0,14.4
0,13.3
0,12.8
0,13.3
0,12.8
0,12.8
0,12.8
0,12.2
0,12.2
0,12.2
0,12.2
0,12.2
4,11.7
40,11.7
95,11.7
136,11.7
164,11.7
353,13.3
265,13.3
264,14.4
96,15
161,15
50,13.3
4,11.7
0,11.1
0,11.1
0,11.1
0,10
0,10
0,9.4
0,8.3
0,7.2
0,7.8
0,7.8
0,8.3
0,7.8
8,7.8
91,8.3
198,9.4
333,10
495,11.7
558,12.2
536,13.3
479,13.9
392,14.4
191,14.4
98,12.8
4,11.1
0,12.8
0,12.2
0,10.6
0,8.3
0,8.9
0,8.3
0,6.7
0,6.7
0,7.8
0,6.7
0,6.7
0,7.2
8,6.1
84,7.8
196,8.9
382,10.6
457,12.8
539,12.8
521,13.9
454,15
345,15
219,14.4
71,14.4
3,12.2
0,11.1
0,11.7
0,8.9
0,10
0,8.9
0,6.7
0,7.2
0,6.7
0,6.7
0,6.1
0,5.6
0,6.7
10,6.1
102,7.2
111,7.8
162,9.4
197,11.1
215,11.7
213,12.2
154,11.7
123,11.7
81,12.2
34,12.2
1,11.7
0,11.1
0,9.4
0,9.4
0,9.4
0,9.4
0,9.4
0,9.4
0,10
0,10
0,9.4
0,9.4
0,8.9
11,8.9
101,9.4
256,10.6
406,11.7
355,11.7
406,12.8
461,12.8
364,12.8
228,11.7
147,11.1
61,11.7
2,10
0,10
0,10
0,10
0,9.4
0,9.4
0,9.4
0,9.4
0,8.9
0,8.3
0,8.3
0,8.3
0,8.3
3,8.3
22,8.3
50,8.3
78,8.9
140,10.6
129,11.1
153,11.1
136,12.2
247,12.8
194,12.8
38,12.2
1,11.1
0,10
0,9.4
0,10
0,8.9
0,8.3
0,6.7
0,7.8
0,7.2
0,7.2
0,7.2
0,7.2
0,6.7
7,6.1
91,7.8
256,9.4
394,11.7
388,10.6
506,12.8
500,13.3
383,13.9
317,13.9
169,14.4
70,12.8
1,11.7
0,11.7
0,12.2
0,10
0,9.4
0,8.9
0,8.3
0,7.8
0,7.8
0,7.8
0,7.8
0,8.3
0,8.3
3,8.3
36,9.4
64,10
102,10
110,10
146,11.1
144,11.7
127,11.7
67,10
56,10
30,10
0,10.6
0,10
0,9.4
0,10
0,10
0,10
0,10
0,10
0,10
0,9.4
0,9.4
0,9.4
0,9.4
2,9.4
32,9.4
59,10
225,9.4
264,10.6
472,11.1
346,11.7
207,12.2
117,12.8
196,13.3
66,11.7
1,10.6
0,11.1
0,11.1
0,10
0,9.4
0,9.4
0,9.4
0,8.9
0,8.9
0,8.9
0,8.3
0,8.9
0,8.3
3,8.3
35,9.4
191,10.6
302,11.1
322,12.2
437,13.3
343,13.3
263,13.9
114,13.9
73,11.7
26,11.1
0,11.7
0,11.1
0,10.6
0,10.6
0,10.6
0,10
0,10.6
0,10.6
0,10.6
0,11.1
0,10.6
0,10.6
0,10.6
1,11.1
27,11.1
67,12.2
119,12.8
135,13.3
149,13.3
148,12.8
130,12.2
99,12.8
58,12.2
22,12.2
0,12.8
0,12.8
0,12.2
0,12.8
0,12.2
0,11.7
0,11.7
0,11.1
0,10.6
0,10.6
0,10.6
0,10.6
0,10
2,10.6
62,10.6
86,11.1
115,11.7
143,12.2
236,13.3
175,13.9
303,15
247,15
165,13.9
63,12.8
0,11.7
0,11.1
0,10.6
0,10
0,9.4
0,8.9
0,8.3
0,8.9
0,8.9
0,8.9
0,8.9
0,8.9
0,8.3
3,7.8
28,7.8
72,8.3
140,9.4
320,11.1
267,10.6
152,11.1
135,11.7
215,11.7
90,12.2
34,11.7
0,11.7
0,10.6
0,10
0,10
0,9.4
0,9.4
0,10
0,10.6
0,10.6
0,10.6
0,10.6
0,10.6
0,10.6
1,9.4
65,10
158,11.7
246,12.2
269,12.2
243,13.9
268,13.9
234,15.6
273,15.6
160,15
44,13.3
0,12.8
0,12.2
0,11.7
0,10
0,10.6
0,10
0,8.3
0,8.9
0,6.7
0,7.8
0,6.1
0,7.8
0,6.1
1,7.2
49,7.2
219,7.8
340,10
418,13.3
412,14.4
394,16.1
412,16.7
295,17.2
165,17.2
31,15.6
0,15
0,15
0,13.9
0,13.9
0,13.3
0,11.7
0,11.7
0,11.1
0,11.1
0,10.6
0,10
0,10
0,8.3
2,7.8
75,8.9
207,11.7
299,12.8
413,13.9
346,14.4
418,13.3
327,13.9
203,13.9
81,15
23,14.4
0,12.8
0,12.8
0,13.3
0,13.3
0,14.4
0,13.9
0,13.9
0,13.9
0,13.9
0,13.3
0,12.8
0,12.2
0,12.2
0,11.7
23,11.7
55,11.1
104,10.6
132,11.7
146,13.3
144,13.9
127,13.3
96,13.3
55,13.3
15,12.8
0,12.8
0,12.2
0,11.7
0,11.7
0,11.7
0,11.7
0,10.6
0,10
0,9.4
0,9.4
0,8.9
0,8.9
0,9.4
0,9.4
22,10
44,10.6
201,10.6
98,11.1
131,11.1
129,11.1
112,11.7
81,11.1
57,9.4
24,10
0,10
0,10
0,10
0,9.4
0,8.3
0,8.3
0,7.8
0,8.3
0,8.3
0,7.8
0,7.8
0,8.3
0,7.8
0,7.8
37,7.8
124,9.4
232,10
393,11.1
231,11.1
343,11.7
355,11.7
199,12.2
115,12.2
26,11.1
0,10
0,9.4
0,8.9
0,8.3
0,7.2
0,7.2
0,7.2
0,7.2
0,7.2
0,7.2
0,7.2
0,6.7
0,6.7
0,6.7
30,6.7
183,7.8
300,8.9
395,10
396,10.6
426,11.1
319,11.7
249,11.7
154,11.7
30,10.9
0,10
0,8.9
0,9.4
0,8.9
0,7.8
0,7.8
0,7.8
0,6.7
0,6.7
0,6.7
0,7.2
0,7.2
0,7.2
0,7.2
21,7.2
65,7.8
86,8.3
288,10
278,10.6
347,11.1
328,11.1
173,11.1
128,10.6
15,10
0,10
0,9.4
0,9.4
0,8.9
0,8.3
0,7.8
0,7.8
0,7.2
0,7.2
0,7.2
0,7.2
0,8.3
0,10
0,11.1
16,11.7
45,11.7
114,12.8
119,12.2
132,12.2
130,11.7
113,11.7
83,11.1
37,9.4
12,9.4
0,8.9
0,8.3
0,7.2
0,7.2
0,7.8
0,8.5
0,9.1
0,9.8
0,10.4
0,11.1
0,11.7
0,11.7
0,11.7
1,12.8
32,12.2
104,12.8
94,13.3
132,13.3
144,12.8
210,13.3
121,13.3
161,12.8
90,13.3
14,12.8
0,12.2
0,11.1
0,11.1
0,11.1
0,10.6
0,10.6
0,11.1
0,11.1
0,11.1
0,11.1
0,10.6
0,10.6
0,10
0,9.4
45,10.6
118,11.1
191,11.7
386,12.8
329,13.3
220,14.4
305,14.4
180,13.3
50,13.3
10,12.2
0,11.7
0,12.8
0,12.8
0,11.7
0,11.7
0,11.1
0,11.1
0,11.1
0,10.6
0,10.6
0,10.6
0,10.6
0,10.6
0,11.1
14,10.6
46,11.1
101,11.7
176,12.2
120,12.8
129,12.2
121,13.3
94,13.3
56,13.3
13,13.9
0,14.4
0,14.4
0,15
0,13.9
0,13.9
0,13.9
0,13.9
0,13.9
0,12.8
0,13.3
0,13.3
0,12.8
0,12.8
0,12.2
35,12.8
139,14.4
254,16.1
355,17.8
411,18.9
391,20.6
363,21.1
261,21.1
133,20
29,18.9
0,15
0,15
0,16.7
0,15
0,13.3
0,13.3
0,13.3
0,12.8
0,13.3
0,12.8
0,12.8
0,12.8
0,12.8
0,12.8
19,12.8
92,13.3
159,13.3
123,13.9
296,14.4
276,16.1
265,17.2
183,14.4
74,15
8,16.1
0,15.6
0,13.9
0,10.6
0,10.6
0,10.6
0,11.1
0,11.1
0,10.6
0,10.6
0,10.6
0,10
0,10.6
0,11.1
0,12.2
23,12.2
123,12.8
100,13.3
123,13.3
188,13.9
131,11.7
110,11.7
70,11.1
40,11.1
10,11.7
0,12.2
0,12.8
0,12.8
0,14.4
0,15
0,15.6
0,14.4
0,12.8
0,11.7
0,11.7
0,11.7
0,11.7
0,12.2
0,11.7
15,11.7
67,11.7
127,11.7
134,12.2
123,11.1
102,11.7
189,12.8
65,12.8
36,10.6
10,10
0,11.1
0,10.6
0,10.6
0,10.6
0,10.6
0,10.6
0,10.6
0,10.6
0,10.6
0,10.6
0,11.1
0,10.6
0,10
0,10.6
20,10.6
75,10.6
176,11.1
250,11.7
177,12.2
74,8.9
227,10
186,9.4
97,10
15,9.4
0,9.4
0,8.9
0,8.9
0,8.9
0,8.9
0,8.3
0,7.8
0,8.3
0,7.2
0,7.8
0,7.2
0,6.7
0,7.2
0,6.7
10,6.7
28,7.2
130,7.8
85,8.3
150,8.3
182,10
86,7.8
93,8.3
41,8.3
9,7.8
0,7.8
0,7.2
0,6.7
0,6.7
0,6.1
0,5.6
0,4.4
0,5
0,5
0,5
0,3.9
0,5
0,3.9
0,3.9
17,5
99,6.1
184,6.7
304,7.8
268,8.3
289,8.9
305,10
206,10
96,8.9
17,6.7
0,5.6
0,5
0,6.1
0,5.6
0,4.4
0,4.4
0,4.4
0,3.9
0,2.8
0,3.3
0,2.2
0,1.1
0,0.6
0,0
29,0
75,0.6
243,1.7
347,3.3
372,5
386,6.7
322,7.8
229,7.8
106,6.7
18,5
0,4.4
0,3.9
0,3.3
0,2.2
0,2.2
0,1.1
0,2.2
0,2.2
0,2.8
0,2.8
0,1.7
0,1.1
0,1.7
0,2.2
17,2.8
57,3.9
97,3.9
160,4.4
172,5
234,5
191,5.6
217,6.1
99,5
22,3.3
0,3.3
0,3.3
0,3.3
0,3.9
0,3.9
0,3.9
0,3.3
0,2.8
0,1.7
0,2.2
0,1.7
0,1.1
0,1.7
0,1.7
22,0.6
77,1.7
163,1.7
302,2.8
351,4.4
252,7.2
231,6.7
79,6.7
43,6.1
13,5.6
0,5
0,3.9
0,5.6
0,2.8
0,3.9
0,3.3
0,5
0,5.6
0,5.6
0,5.6
0,5
0,5
0,5.6
0,5.6
11,5
40,5
65,5
102,5
100,5.6
109,5.6
90,5.6
73,6.1
33,6.1
7,6.1
0,5.6
0,5.6
0,6.1
0,5.6
0,5.6
0,5.6
0,5.6
0,5.6
0,5.6
0,5.6
0,5.6
0,5.6
0,5.6
0,6.1
29,4.4
125,6.7
208,7.2
311,7.8
385,8.3
377,9.4
301,10
214,8.9
91,7.8
20,6.1
0,7.8
0,7.8
0,7.8
0,7.2
0,7.2
0,7.2
0,6.7
0,6.1
0,6.1
0,6.1
0,6.1
0,6.1
0,4.4
0,3.3
12,4.4
65,6.1
113,6.7
262,7.8
194,8.3
191,7.8
169,8.3
134,7.8
38,7.2
8,7.2
0,7.2
0,6.7
0,6.1
0,5
0,5.6
0,4.4
0,4.4
0,4.4
0,5.6
0,4.4
0,5
0,5
0,6.1
0,7.2
6,6.7
26,7.2
76,8.3
151,8.3
157,8.9
185,10
140,10
112,10.6
45,10
11,10
0,9.4
0,9.4
0,9.4
0,9.4
0,9.4
0,8.3
0,8.3
0,7.8
0,7.8
0,7.8
0,8.3
0,8.3
0,8.3
0,8.9
14,9.4
40,10
124,10.6
170,11.1
178,11.7
181,11.7
154,12.8
89,12.2
32,11.7
11,11.7
0,11.7
0,12.2
0,12.2
0,12.2
0,12.2
0,11.1
0,10.6
0,10.6
0,10
0,10
0,9.4
0,8.9
0,9.4
0,9.4
9,9.4
78,10
211,10.6
182,11.1
243,11.7
107,12.2
155,12.2
156,12.2
57,11.1
6,10.6
0,10.6
0,10
0,10.6
0,9.4
0,8.9
0,8.3
0,8.3
0,8.9
0,8.3
0,8.3
0,7.8
0,8.3
0,7.8
0,7.8
12,7.8
76,9.4
125,9.4
165,10
162,10.6
90,11.7
75,11.1
61,10
27,10
6,10.6
0,10
0,10
0,10
0,10.6
0,10.6
0,10
0,10
0,10.6
0,10.6
0,10.6
0,11.7
0,11.7
0,11.1
0,11.1
7,11.1
39,11.7
68,11.1
103,11.1
120,8.3
105,7.8
99,7.8
103,7.8
65,7.8
9,7.2
0,7.2
0,6.7
0,5.6
0,5.6
0,4.4
0,5
0,5
0,4.4
0,3.3
0,4.4
0,4.4
0,3.9
0,3.3
0,2.8
12,2.8
78,3.3
175,3.3
185,5
292,6.1
233,6.1
122,6.7
121,6.7
59,6.7
3,6.1
0,4.4
0,5
0,5.6
0,6.1
0,6.1
0,5.6
0,6.1
0,5
0,3.3
0,3.9
0,5
0,4.4
0,4.4
0,4.4
9,4.4
37,4.4
95,5.6
119,6.1
91,5.6
146,6.1
138,6.1
91,6.7
50,6.1
3,6.1
0,5.6
0,5.6
0,5.6
0,5.6
0,5
0,2.8
0,4.4
0,4.4
0,3.9
0,4.4
0,3.9
0,2.8
0,2.2
0,1.1
17,1.7
84,3.3
198,5.6
282,6.1
329,6.7
229,6.7
153,7.2
84,6.7
46,6.7
3,5.6
0,5.6
0,6.1
0,5
0,5
0,5.6
0,5.6
0,5.6
0,6.7
0,5.6
0,5.6
0,5.6
0,5.6
0,5
0,5.6
4,5.6
39,5.6
102,6.1
124,6.7
140,6.7
169,7.8
134,8.9
102,8.9
64,8.3
8,7.2
0,7.2
0,7.8
0,6.1
0,6.1
0,6.1
0,4.4
0,4.4
0,3.3
0,2.8
0,3.3
0,3.3
0,3.9
0,3.3
0,3.3
5,3.9
32,4.4
96,5
108,6.1
176,6.7
116,6.7
121,6.7
47,6.7
31,6.7
0,7.2
0,7.2
0,7.8
0,8.9
0,8.3
0,8.3
0,8.3
0,8.3
0,8.3
0,10.6
0,12.8
0,13.3
0,12.2
0,11.7
0,11.7
3,11.7
26,10.6
65,10.6
69,10
115,9.4
179,9.4
149,10
130,10
62,9.4
10,9.4
0,8.3
0,8.3
0,7.8
0,7.8
0,7.2
0,6.7
0,6.1
0,6.1
0,5.6
0,5
0,5
0,4.4
0,4.4
0,3.9
10,3.9
52,4.4
125,4.4
200,5
281,5.6
224,6.1
139,6.1
120,5.6
49,5.6
4,5.6
0,6.1
0,5.6
0,5
0,5
0,6.1
0,7.8
0,6.7
0,10.6
0,9.4
0,9.4
0,8.9
0,8.3
0,8.3
0,7.8
5,6.7
53,6.7
88,6.7
114,6.7
120,6.7
85,6.1
78,5.6
67,6.1
30,5.6
2,5
0,4.4
0,4.4
0,4.4
0,5
0,5
0,5
0,5.6
0,5.6
0,5.6
0,5.6
0,5.6
0,5.6
0,5.6
0,5.6
3,5
23,5.6
50,4.4
78,3.9
92,3.9
85,4.4
75,4.4
57,5
22,4.4
2,5
0,5
0,4.4
0,4.4
0,4.4
0,4.4
0,4.4
0,4.4
0,4.4
0,4.4
0,4.4
0,4.4
0,3.3
0,3.3
0,4.4
3,3.9
19,5
45,5.6
233,6.7
137,8.3
313,8.9
272,9.4
143,9.4
65,7.8
2,6.7
0,6.1
0,6.1
0,5.6
0,5
0,5
0,3.9
0,3.9
0,3.9
0,3.9
0,3.3
0,4.4
0,3.3
0,4.4
0,6.1
2,6.1
67,8.3
159,10
261,11.1
308,12.2
311,12.2
261,12.2
158,11.7
60,10.6
1,9.4
0,9.4
0,8.9
0,8.9
0,8.3
0,7.8
0,7.8
0,7.8
0,7.8
0,7.8
0,7.8
0,8.3
0,7.2
0,7.2
0,7.2
1,7.8
51,7.8
131,8.9
236,10.6
289,11.7
274,12.2
246,12.2
150,12.2
52,11.1
0,10
0,9.4
0,8.9
0,7.8
0,6.7
0,6.7
0,7.2
0,7.8
0,8.3
0,7.2
0,5
0,6.1
0,3.9
0,3.3
0,2.8
1,3.3
52,5
148,8.3
237,8.3
287,8.9
279,8.9
187,8.9
152,8.9
31,8.3
0,6.7
0,5.6
0,5.6
0,5
0,5
0,5
0,4.1
0,2.8
0,3.3
0,3.2
0,3.9
0,3.3
0,3.1
0,2.1
0,3.3
1,3.9
57,5
166,6.7
263,8.3
315,10
315,10.6
204,10.6
162,10
64,6.1
1,6.1
0,5
0,5
0,7.2
0,5.6
0,5
0,4.4
0,2.2
0,3.3
0,1.1
0,0.6
0,2.8
0,1.1
0,-0.6
0,0
0,1.1
55,0.9
163,2.2
244,3.3
304,3.3
303,5.1
222,5.1
171,5
58,3.3
1,1.1
0,1.1
0,2.9
0,2.2
0,0.2
0,0.7
0,0.6
0,0.6
0,1.1
0,2.2
0,3.9
0,3.3
0,3.3
0,3.9
0,6.1
1,6.1
43,6.7
122,8.3
91,8.9
106,7.2
106,6.1
91,5.6
63,5.7
26,5.2
0,5.7
0,5
0,5
0,6.7
0,6.7
0,6.1
0,6.1
0,6.1
0,6.1
0,6.1
0,5.6
0,5
0,3.9
0,4.4
0,4.4
0,4.4
20,4.4
55,5
142,6.1
229,6.7
185,6.1
83,7.2
44,6.1
25,5.7
0,6.1
0,5.6
0,5
0,3
0,3.2
0,3.3
0,3.3
0,3.3
0,0.6
0,1.1
0,1.1
0,0.6
0,2.2
0,0.6
0,2.2
0,3.3
50,4.4
159,5.6
260,5.6
236,5.6
140,6.1
88,6.1
170,5.6
24,5.6
0,6.1
0,5.6
0,5
0,5
0,5.6
0,5.6
0,5.6
0,5.6
0,6.1
0,6.1
0,6.1
0,6.1
0,6.7
0,6.7
0,6.7
0,6.7
54,6.7
62,7.8
90,8.3
159,8.3
231,9.4
264,10.6
172,10.6
69,10
1,8.3
0,7.8
0,7.2
0,6.7
0,5.6
0,4.4
0,5
0,5.6
0,5
0,4.4
0,3.9
0,2.8
0,3.3
0,5.8
0,2.2
0,2.8
15,3.3
72,3.9
123,4.4
268,5
105,7.2
233,7.2
143,5.6
50,5.6
0,5
0,3.9
0,3.9
0,3.3
0,2.8
0,3.3
0,2.8
0,3.3
0,3.9
0,3.3
0,2.8
0,1.7
0,0.6
0,0.6
0,2.2
0,2.2
42,2.2
121,3.3
234,5
270,5.6
239,6.1
212,6.7
164,8.3
53,6.7
1,5
0,3.9
0,5.6
0,6.7
0,4.4
0,5
0,4.4
0,3.3
0,2.2
0,2.8
0,2.2
0,5
0,4.4
0,2.8
0,2.8
0,1.7
22,5
134,7.8
98,7.8
118,9.4
119,9.5
101,7.3
68,6.1
26,5.6
1,6.1
0,7.2
0,5
0,5
0,6.1
0,6.7
0,7.8
0,7.8
0,6.1
0,6.1
0,5
0,6.7
0,5.6
0,6.1
0,7.2
0,7.8
26,9
128,11
70,12.2
142,13.3
168,11.1
146,8.9
62,8.9
32,7.8
0,7.8
0,7.2
0,6.7
0,6.1
0,5.6
0,5.6
0,5.6
0,5.6
0,3.9
0,3.9
0,6.1
0,4.4
0,6.1
0,6.1
0,6.7
0,5
40,7.2
52,6.1
80,7.8
96,8.3
97,7.2
83,6.1
57,5.6
22,5.6
0,5.1
0,5.5
0,5.5
0,5.6
0,5.6
0,5.6
0,6.1
0,7.2
0,7.8
0,8.3
0,9.4
0,10
0,10
0,10.6
0,10.6
0,10
16,10.6
46,11.7
73,11.1
89,11.7
90,10
77,10
51,8.3
20,8.3
0,7.2
0,7.2
0,7.2
0,7.2
0,7.3
0,8.3
0,8.3
0,7.8
0,8.3
0,8.3
0,7.8
0,7.8
0,7.2
0,7.2
0,7.8
0,7.8
25,7.2
52,7.2
80,6.7
96,7.2
68,5
84,4.4
58,4.4
23,4.4
1,4.4
0,5
0,5.6
0,5
0,4.4
0,4.4
0,4.4
0,4.4
0,3.9
0,3.3
0,3.9
0,2.2
0,3.3
0,3.9
0,2.8
0,2.8
25,2.8
57,5
114,5
157,6.1
204,5.6
208,5.6
109,5.6
31,5
0,5
0,4.4
0,5
0,3.3
0,4.4
0,3.9
0,3.9
0,3.9
0,3.9
0,3.3
0,3.3
0,3.3
0,3.9
0,3.3
0,3.3
0,3.3
15,3.9
51,3.9
79,4.4
95,4.4
97,5
84,5
58,5
23,5.6
0,5.6
0,5.6
0,5.6
0,5.6
0,5.6
0,3.9
0,3.9
0,2.2
0,2.2
0,3.3
0,2.8
0,3.9
0,4.4
0,6.1
0,5.6
0,5.6
14,6.1
50,6.1
79,6.2
214,6.7
97,6.7
84,6.7
58,6.7
55,6.1
1,5.6
0,5.6
0,5.6
0,5
0,5
0,5
0,5
0,3.9
0,3.3
0,3.3
0,3.3
0,2.8
0,2.8
0,1.7
0,2.2
0,0.6
41,1.7
114,3.9
187,4.5
295,5.7
213,5.6
194,5.6
121,5.1
67,4.4
2,3.9
0,2.7
0,1.8
0,2.2
0,1.2
0,0
0,0.6
0,0.6
0,-0.6
0,0.6
0,0
0,0
0,0.6
0,0.6
0,0.6
0,0
34,0.6
53,1.7
134,3.3
142,3.9
101,4.4
88,5
62,5
58,4.4
1,3.5
0,5
0,4.3
0,4.3
0,4.8
0,2.3
0,1.1
0,1.7
0,2.2
0,3.3
0,3.3
0,3.9
0,3.3
0,3.9
0,3.9
0,3.9
14,4.4
42,4.4
67,5
81,5
83,5.6
86,6.1
60,6.7
25,6.1
0,5.6
0,5.6
0,5.6
0,5.6
0,5.6
0,5
0,5
0,3.9
0,5
0,4.4
0,4.4
0,4.4
0,5
0,5
0,4.5
0,3.9
35,4.3
89,5.7
141,6.1
106,6.3
151,6.7
162,6.2
160,6.1
34,4.4
2,2.8
0,2.8
0,2.8
0,1.7
0,2.2
0,2.2
0,1.7
0,1.7
0,0.6
0,1.1
0,1.1
0,1.1
0,1.1
0,0
0,-0.6
0,-1.1
26,0
97,-0.6
161,1.1
70,2.2
223,3.9
128,4.5
62,4.4
30,3.3
1,2.2
0,1.7
0,-1.1
0,1.1
0,0.6
0,0.6
0,0
0,-0.6
0,-1.1
0,-0.6
0,0
0,-1.1
0,-0.6
0,-0.6
0,-1.7
0,-1.1
10,-1.1
35,0
56,0.1
68,0.2
70,0.6
110,1.2
62,2.2
27,2.8
1,5.6
0,5.6
0,5
0,5
0,5
0,5
0,4.4
0,2.8
0,3.3
0,3.9
0,4.4
0,5.6
0,4.4
0,5
0,4.4
0,4.4
15,5
42,5.9
148,6.7
124,7.2
88,7.2
76,7.3
52,7.8
24,7.8
1,6.7
0,6.7
0,6.1
0,6.1
0,6.1
0,6.7
0,6.7
0,6.7
0,5.6
0,5.6
0,7.2
0,8.3
0,8.9
0,9.4
0,9.4
0,9.4
14,10
52,10.1
82,10.1
100,10.6
102,10.6
75,10.6
54,11.1
85,11.1
1,10.6
0,10.5
0,10.6
0,10.6
0,10
0,10
0,9.3
0,9.4
0,9.4
0,10
0,10
0,10
0,10
0,10
0,9.4
0,9.4
36,9.4
55,9.4
92,10
208,10.6
98,11.1
159,11.1
61,10.6
27,10.6
3,9.4
0,9.4
0,9.4
0,8.9
0,9.4
0,8.9
0,8.9
0,7.8
0,7.8
0,7.2
0,7.2
0,6.1
0,6.1
0,5
0,5
0,4.4
30,3.9
122,5.6
233,7.8
267,8.3
114,8.9
99,10
98,9.4
66,8.9
3,5.6
0,5.6
0,4.4
0,6.7
0,4.4
0,4.4
0,3.9
0,3.9
0,5
0,3.9
0,2.2
0,2.8
0,2.2
0,2.8
0,2.8
0,3.3
11,3.9
27,3.3
133,2.8
171,5
84,6.1
73,6.7
50,6.1
28,6.1
1,7.2
0,7.2
0,8.9
0,8.3
0,7.8
0,7.8
0,7.2
0,7.2
