11.83656619,114.1020775
13.5560238,116.7827567
104.1372365,4.542018528
8.445046609,63.46473972
10.6222814,116.2616258
13.576545,33.24231389
11.51325572,117.6110715
7.923078489,84.81909277
19.09837904,75.48940153
9.152528999,110.7831737
14.2563531,118.9004691
17.74881267,44.30914685
9.814201057,95.07663074
14.59522427,23.30863607
8.740606905,81.89374348
10.68255084,98.98248377
10.23682543,115.0196126
8.533061036,98.1378095
12.81996731,118.5393252
21.24982357,80.4156148
-
10.6222814,116.2616258
11.51325572,117.6110715
11.51325572,117.6110715
7.923078489,84.81909277
7.923078489,84.81909277
9.152528999,110.7831737
14.2563531,118.9004691
10.23682543,115.0196126
10.23682543,115.0196126
8.533061036,98.1378095
8.533061036,98.1378095
12.81996731,118.5393252
10.6380816,116.3693084
9.514865778,112.9839585
14.71628075,119.5367411
8.161849188,59.92346407
13.5560238,116.7827567
9.487975741,104.9379955
11.81400424,114.3742784
8.740606905,81.89374348
-
10.6222814,116.2616258
9.152528999,110.7831737
12.81996731,118.5393252
12.81996731,118.5393252
10.6380816,116.3693084
9.514865778,112.9839585
14.71628075,119.5367411
14.71628075,119.5367411
11.4377978,117.6110715
8.523366468,102.9637716
8.318534356,97.48155776
10.28060474,116.0504105
13.65818767,118.9251348
9.923521832,113.9896978
10.20083222,115.8294601
7.870630541,89.29093023
14.2563531,118.9004691
7.923078489,84.81909277
9.487975741,104.9379955
8.533061036,98.1378095
-
14.71628075,119.5367411
7.870630541,89.29093023
9.101132559,110.7831737
8.294517853,97.48155776
8.523366468,102.9637716
13.65818767,118.9251348
12.81996731,118.5393252
11.4377978,117.6110715
9.514865778,112.9839585
8.402605709,98.1378095
8.523366468,102.9637716
14.71628075,119.5367411
10.6380816,116.3693084
11.4377978,117.6110715
13.13758203,118.7499637
9.923521832,113.9896978
9.979204506,114.2522289
10.13896814,115.6544172
10.28060474,116.0504105
10.6222814,116.2616258
-
14.71628075,119.5367411
7.870630541,89.29093023
8.278994806,97.48155776
8.957382441,107.5477079
7.870630541,89.29093023
9.101132559,110.7831737
12.81996731,118.5393252
11.4377978,117.6110715
8.523366468,102.9637716
10.6380816,116.3693084
9.85557255,114.5533037
8.523366468,102.9637716
8.402605709,98.1378095
13.77920298,119.0220607
11.4377978,117.6110715
14.71628075,119.5367411
9.514865778,112.9839585
13.13758203,118.7499637
10.13896814,115.6544172
13.64313386,118.9251348
-
7.870630541,89.29093023
14.72599555,119.5444758
8.14896626,98.97365537
7.870630541,89.29093023
12.63664074,118.4038543
11.4377978,117.6110715
9.101132559,110.7831737
8.523366468,102.9637716
8.957382441,107.5477079
13.77920298,119.0220607
8.586824843,105.5761977
9.85557255,114.5533037
14.71628075,119.5367411
10.95058702,117.1244318
13.13758203,118.7499637
9.498744514,110.9537602
8.806745349,106.7581954
13.6401032,119.0190727
9.612282007,113.2171823
10.18103312,115.6610799
-
7.870630541,89.29093023
14.72599555,119.5444758
7.870630541,89.29093023
8.14896626,98.97365537
8.14896626,98.97365537
8.523366468,102.9637716
10.18103312,115.6610799
8.957382441,107.5477079
13.77920298,119.0220607
11.4377978,117.6110715
8.586824843,105.5761977
10.95058702,117.1244318
9.204405031,111.4229742
14.71628075,119.5367411
9.612282007,113.2171823
9.101132559,110.7831737
8.806745349,106.7581954
12.06080557,118.0764433
11.92785565,117.9904941
13.6401032,119.0190727
-
7.870630541,89.29093023
14.72599555,119.5444758
7.974885618,93.20251691
12.06080557,118.0764433
8.523366468,102.9637716
13.6401032,119.0190727
10.95058702,117.1244318
8.129193005,98.40910779
9.612282007,113.2171823
8.14896626,98.97365537
8.898625122,108.9259579
8.586824843,105.5761977
9.852409474,114.4146995
10.18103312,115.6610799
8.806745349,106.7581954
14.71628075,119.5367411
9.204405031,111.4229742
13.77920298,119.0220607
7.880987584,90.10159955
9.101132559,110.7831737
-
7.870630541,89.29093023
14.72599555,119.5444758
12.06080557,118.0764433
7.974885618,93.20251691
8.523366468,102.9637716
13.6401032,119.0190727
10.95058702,117.1244318
8.129193005,98.40910779
8.14896626,98.97365537
8.892778654,108.9259579
13.77920298,119.0220607
8.586824843,105.5761977
9.843403301,114.4146995
14.71628075,119.5367411
8.806745349,106.7581954
10.18103312,115.6610799
10.51437238,115.9370637
9.612282007,113.2171823
9.54140345,111.9977747
7.880987584,90.10159955
-
7.870630541,89.29093023
14.72599555,119.5444758
10.95058702,117.1244318
13.6401032,119.0190727
12.06080557,118.0764433
8.523366468,102.9637716
8.892778654,108.9259579
9.345240014,111.6743039
8.129193005,98.40910779
7.974885618,93.20251691
12.06080557,118.0764433
8.309725747,99.03502289
9.843403301,114.4146995
8.806745349,106.7581954
14.61074805,119.4864912
10.18103312,115.6610799
7.880987584,90.10159955
13.77920298,119.0220607
7.974885618,93.20251691
10.51437238,115.9370637
-
7.870630541,89.29093023
14.72599555,119.5444758
8.523366468,102.9637716
8.309725747,99.03502289
9.235076323,111.6743039
12.69693087,118.4886742
11.12451065,117.3519424
9.843403301,114.4146995
9.514491486,113.1254868
13.6401032,119.0190727
8.111818819,97.85912841
7.999380615,93.71268803
8.806745349,106.7581954
8.77397271,104.2139064
12.06080557,118.0764433
10.51437238,115.9370637
13.77920298,119.0220607
14.61074805,119.4864912
10.18103312,115.6610799
7.880987584,90.10159955
-
7.870630541,89.29093023
14.72599555,119.5444758
8.523366468,102.9637716
8.309725747,99.03502289
9.235076323,111.6743039
8.806745349,106.7581954
14.61074805,119.4864912
7.880987584,90.10159955
11.32922347,117.4968075
13.66474434,119.0220607
12.69693087,118.4886742
13.6401032,119.0190727
8.111818819,97.85912841
7.999380615,93.71268803
10.18103312,115.6610799
7.999380615,93.71268803
11.12451065,117.3519424
10.51437238,115.9370637
12.06080557,118.0764433
12.69693087,118.4886742
-
7.870630541,89.29093023
14.72599555,119.5444758
8.523366468,102.9637716
10.18103312,115.6610799
7.984727621,93.71268803
9.252893319,111.8075261
8.806745349,106.7581954
9.235076323,111.6743039
8.309725747,99.03502289
10.34937351,116.0452858
11.12451065,117.3519424
14.61074805,119.4864912
8.793808613,106.5723172
7.880987584,90.10159955
8.111818819,97.85912841
13.66474434,119.0220607
12.69693087,118.4886742
13.6401032,119.0190727
11.47123495,117.5444482
12.49922755,118.297645
-
14.72599555,119.5444758
7.868827501,89.99000948
10.18103312,115.6610799
9.252893319,111.8075261
11.47123495,117.5444482
8.111818819,97.85912841
12.49468669,118.297645
8.309725747,99.03502289
12.68717092,118.4886742
8.523366468,102.9637716
10.34937351,116.0452858
8.793808613,106.5723172
8.409643456,102.7301883
13.6401032,119.0190727
7.984727621,93.71268803
13.66474434,119.0220607
11.12451065,117.3519424
14.61074805,119.4864912
8.952763534,108.7935148
7.880987584,90.10159955
-
14.72599555,119.5444758
7.860829948,88.39928467
7.984727621,93.71268803
9.713050222,113.2354796
8.793808613,106.5723172
8.306542256,101.4860469
12.68717092,118.4886742
10.15838281,115.7512382
8.523366468,102.9637716
8.111818819,97.85912841
13.6401032,119.0190727
14.27602995,119.3456574
8.084397601,97.4622519
9.062571886,109.8735491
9.252893319,111.8075261
7.880987584,90.10159955
11.12451065,117.3519424
12.09345667,117.9946344
9.569260871,111.8994096
11.50167539,117.5708079
-
14.72599555,119.5444758
7.860829948,88.39928467
10.15838281,115.7512382
7.984727621,93.71268803
8.523366468,102.9637716
9.713050222,113.2354796
9.062571886,109.8735491
11.12451065,117.3519424
7.880987584,90.10159955
12.68717092,118.4886742
11.50167539,117.5708079
8.110059262,97.88396381
13.6401032,119.0190727
8.78413914,106.4373059
8.084397601,97.4622519
8.306542256,101.4860469
9.022032153,106.6876003
9.252893319,111.8075261
9.569260871,111.8994096
13.6401032,119.0190727
-
14.72599555,119.5444758
7.860829948,88.39928467
10.15838281,115.7512382
8.771678241,106.9818528
7.984727621,93.71268803
11.50167539,117.5708079
8.306542256,101.4860469
12.68717092,118.4886742
11.12451065,117.3519424
13.6401032,119.0190727
8.523366468,102.9637716
8.110059262,97.88396381
12.68717092,118.4886742
13.6401032,119.0190727
8.084397601,97.4622519
9.713050222,113.2354796
9.062571886,109.8735491
7.880987584,90.10159955
9.455402008,111.8994096
9.129275929,110.8642657
-
14.72599555,119.5444758
7.860829948,88.39928467
7.984727621,93.71268803
11.50167539,117.5708079
8.523366468,102.9637716
9.713050222,113.2354796
8.771678241,106.9818528
8.306542256,101.4860469
10.15838281,115.7512382
12.68717092,118.4886742
13.6401032,119.0190727
9.345286121,111.8994096
10.47534817,116.2661355
8.084397601,97.4622519
8.132554247,97.98362112
9.021264469,107.8855669
7.880987584,90.10159955
10.94832768,117.1357869
9.129275929,110.8642657
13.04637071,118.691963
-
14.72599555,119.5444758
7.860829948,88.39928467
13.6401032,119.0190727
7.984727621,93.71268803
8.523366468,102.9637716
8.771678241,106.9818528
9.713050222,113.2354796
12.0120075,117.9681634
10.94832768,117.1357869
7.880987584,90.10159955
11.50167539,117.5708079
9.021264469,107.8855669
9.129275929,110.8642657
12.68717092,118.4886742
9.345286121,111.8994096
10.47534817,116.2661355
8.084397601,97.4622519
13.04637071,118.691963
10.12906995,115.3772756
8.277404491,100.6387653
-
14.72599555,119.5444758
7.860829948,88.39928467
8.277404491,100.6387653
8.47989079,104.4651793
7.97848564,93.71268803
13.6401032,119.0190727
9.713050222,113.2354796
12.0120075,117.9681634
8.771678241,106.9818528
7.880987584,90.10159955
10.12906995,115.3772756
14.52738583,119.4500564
10.94832768,117.1357869
8.084397601,97.4622519
8.084397601,97.4622519
12.68717092,118.4886742
9.021264469,107.8855669
9.129275929,110.8642657
13.04637071,118.691963
10.47534817,116.2661355
-
14.72599555,119.5444758
7.860829948,88.39928467
9.713050222,113.2354796
9.129275929,110.8642657
13.6401032,119.0190727
10.12386453,115.3772756
8.771678241,106.9818528
7.880987584,90.10159955
9.021264469,107.8855669
10.47534817,116.2661355
12.68717092,118.4886742
13.04637071,118.691963
12.00804188,117.9681634
8.277404491,100.6387653
8.47989079,104.4651793
14.52738583,119.4500564
11.70573438,117.8263681
7.97848564,93.71268803
8.084397601,97.4622519
10.94832768,117.1357869
-
14.72599555,119.5444758
7.860829948,88.39928467
9.55743605,113.4650226
8.277404491,100.6387653
7.97848564,93.71268803
8.084397601,97.4622519
9.129275929,110.8642657
10.94832768,117.1357869
7.880987584,90.10159955
8.771678241,106.9818528
11.70573438,117.8263681
14.52738583,119.4500564
12.68717092,118.4886742
12.00804188,117.9681634
13.04635711,118.691963
8.47989079,104.4651793
10.12386453,115.3772756
13.6401032,119.0190727
8.482848338,104.5129857
9.021264469,107.8855669
-
14.72599555,119.5444758
7.860829948,88.39928467
10.12386453,115.3772756
8.277404491,100.6387653
7.97848564,93.71268803
8.084397601,97.4622519
13.63977599,119.0190727
10.94832768,117.1357869
9.129275929,110.8642657
12.68717092,118.4886742
8.964526657,109.872048
11.97054723,117.9681634
9.55743605,113.4650226
8.47989079,104.4651793
14.52738583,119.4500564
9.617359968,113.6104849
11.12858004,117.3037229
7.880987584,90.10159955
8.771678241,106.9818528
8.482848338,104.5129857
-
14.72599555,119.5444758
7.860829948,88.39928467
8.277404491,100.6387653
11.95807277,117.9681634
10.12386453,115.3772756
10.94832768,117.1357869
13.63977599,119.0190727
8.964526657,109.872048
14.52738583,119.4500564
9.55743605,113.4650226
7.97848564,93.71268803
8.084397601,97.4622519
13.4041118,118.8971899
8.47989079,104.4651793
9.129275929,110.8642657
11.12858004,117.3037229
10.06945751,114.2784655
7.880987584,90.10159955
12.68717092,118.4886742
8.771678241,106.9818528
-
14.72599555,119.5444758
7.860829948,88.39928467
8.277404491,100.6387653
8.47989079,104.4651793
8.081926204,97.4622519
11.95807277,117.9681634
7.97848564,93.71268803
8.771678241,106.9818528
12.68717092,118.4886742
13.63977599,119.0190727
8.964526657,109.872048
10.70947707,116.6895732
11.12858004,117.3037229
14.52738583,119.4500564
9.129275929,110.8642657
13.4041118,118.8971899
9.454813634,112.7042997
9.55743605,113.4650226
7.885375651,90.42024415
10.12386453,115.3772756
-
14.72599555,119.5444758
7.860829948,88.39928467
7.97848564,93.71268803
8.771678241,106.9818528
10.70947707,116.6895732
8.964526657,109.872048
13.4041118,118.8971899
8.277404491,100.6387653
8.47989079,104.4651793
9.55743605,113.4650226
10.12386453,115.3772756
14.49922453,119.4401855
11.95807277,117.9681634
11.12858004,117.3037229
13.63977599,119.0190727
8.081926204,97.4622519
8.277404491,100.6387653
8.081926204,97.4622519
9.123552392,110.8642657
10.23232482,115.5398714
-
14.72599555,119.5444758
7.860829948,88.39928467
8.47989079,104.4651793
11.95807277,117.9681634
7.97848564,93.71268803
13.4041118,118.8971899
9.55743605,113.4650226
11.12858004,117.3037229
8.771678241,106.9818528
7.924292185,90.64280509
10.70947707,116.6895732
13.63977599,119.0190727
8.277404491,100.6387653
9.123552392,110.8642657
9.902952443,114.5349826
11.89390431,117.9680132
14.49922453,119.4401855
8.081926204,97.4622519
8.248954365,99.35592844
8.906638213,108.8152071
-
14.72599555,119.5444758
7.860829948,88.39928467
8.47989079,104.4651793
9.898573344,114.5349826
13.3148058,118.8201131
11.89813938,117.9681634
8.081926204,97.4622519
10.70947707,116.6895732
13.63977599,119.0190727
14.49922453,119.4401855
8.277404491,100.6387653
9.55743605,113.4650226
9.123552392,110.8642657
7.97848564,93.71268803
11.26917793,117.4207381
8.215574927,99.35592844
8.906638213,108.8152071
8.771678241,106.9818528
11.89390431,117.9680132
7.97848564,93.71268803
-
14.72599555,119.5444758
7.860829948,88.39928467
10.70947707,116.6895732
13.3148058,118.8201131
11.89813938,117.9681634
8.081926204,97.4622519
11.26917793,117.4207381
7.860829948,88.39928467
7.97848564,93.71268803
9.898573344,114.5349826
8.47989079,104.4651793
8.277404491,100.6387653
9.131291414,111.0654505
9.55743605,113.4650226
13.63977599,119.0190727
14.49922453,119.4401855
7.97848564,93.71268803
8.215574927,99.35592844
8.47989079,104.4651793
8.771678241,106.9818528
-
7.860829948,88.39928467
14.749424,119.5520381
7.97048392,93.93654918
8.470270195,104.4651793
9.131291414,111.0654505
12.63112309,118.4541563
11.89813938,117.9681634
11.26917793,117.4207381
8.081926204,97.4622519
8.277404491,100.6387653
7.860829948,88.39928467
13.63977599,119.0190727
10.70947707,116.6895732
9.898573344,114.5349826
8.775856008,107.730331
14.49922453,119.4401855
8.771678241,106.9818528
9.460530105,113.1463103
8.215574927,99.35592844
13.3148058,118.8201131
-
7.860829948,88.39928467
14.749424,119.5520381
7.97048392,93.93654918
8.470270195,104.4651793
9.460530105,113.1463103
8.081926204,97.4622519
8.277404491,100.6387653
7.860829948,88.39928467
13.63977599,119.0190727
10.70947707,116.6895732
9.898573344,114.5349826
14.49922453,119.4401855
8.939781119,109.2317867
8.771678241,106.9818528
8.215574927,99.35592844
12.63112309,118.4541563
11.89813938,117.9681634
9.131291414,111.0654505
13.2293561,118.6725167
11.89813938,117.9681634
-
7.860829948,88.39928467
14.749424,119.5520381
9.898573344,114.5349826
8.771678241,106.9818528
8.081926204,97.4622519
9.460530105,113.1463103
7.955423602,92.3190158
10.70947707,116.6895732
8.939781119,109.2317867
14.49922453,119.4401855
11.22212703,117.4196564
8.470270195,104.4651793
8.277404491,100.6387653
13.03768275,118.6918733
7.860829948,88.39928467
13.63977599,119.0190727
8.215574927,99.35592844
7.97048392,93.93654918
8.492876484,104.6763091
12.38661305,118.2627223
-
7.860829948,88.39928467
14.749424,119.5520381
9.460530105,113.1463103
8.939781119,109.2317867
11.22212703,117.4196564
8.081926204,97.4622519
12.06696019,117.5393395
7.955423602,92.3190158
7.97048392,93.93654918
10.53833165,116.3293618
14.49922453,119.4401855
12.38661305,118.2627223
8.470270195,104.4651793
8.277404491,100.6387653
9.91739533,114.6579822
7.860829948,88.39928467
13.63977599,119.0190727
8.771678241,106.9818528
10.70947707,116.6895732
8.215574927,99.35592844
-
7.860829948,88.39928467
14.80671726,119.5592104
9.460386249,113.1463103
8.939781119,109.2317867
8.468415326,104.4651793
12.38661305,118.2627223
13.63977599,119.0190727
8.277404491,100.6387653
10.53833165,116.3293618
9.91739533,114.6579822
7.860829948,88.39928467
7.955423602,92.3190158
14.49922453,119.4401855
13.63977599,119.0190727
8.081926204,97.4622519
7.97048392,93.93654918
11.22212703,117.4196564
12.06696019,117.5393395
8.771678241,106.9818528
9.91739533,114.6579822
-
7.860829948,88.39928467
14.80671726,119.5592104
13.63958663,119.0190727
9.460386249,113.1463103
12.38661305,118.2627223
8.939781119,109.2317867
8.277404491,100.6387653
8.468415326,104.4651793
7.955423602,92.3190158
11.22212703,117.4196564
11.74623613,117.8467636
10.53833165,116.3293618
9.91739533,114.6579822
7.860829948,88.39928467
14.49922453,119.4401855
10.53833165,116.3293618
8.081926204,97.4622519
8.081926204,97.4622519
7.97048392,93.93654918
8.771678241,106.9818528
-
7.860829948,88.39928467
14.80671726,119.5592104
8.939781119,109.2317867
8.468411878,104.4651793
9.91739533,114.6579822
12.38661305,118.2627223
11.22212703,117.4196564
8.771678241,106.9818528
13.63958663,119.0190727
9.460386249,113.1463103
7.955423602,92.3190158
7.97048392,93.93654918
8.277404491,100.6387653
10.53833165,116.3293618
7.860829948,88.39928467
14.4918503,119.4365563
13.63958663,119.0190727
10.53833165,116.3293618
8.259265624,99.89203677
8.081926204,97.4622519
-
7.860829948,88.39928467
14.80671726,119.5592104
12.38661305,118.2627223
9.460386249,113.1463103
9.91739533,114.6579822
13.19378819,118.7348813
8.939781119,109.2317867
11.22212703,117.4196564
8.468411878,104.4651793
8.277404491,100.6387653
10.53833165,116.3293618
14.4918503,119.4365563
7.860829948,88.39928467
7.955423602,92.3190158
13.63958663,119.0190727
11.22212703,117.4196564
10.53833165,116.3293618
7.97048392,93.93654918
8.081926204,97.4622519
8.468411878,104.4651793
-
7.860829948,88.39928467
14.80671726,119.5592104
8.939781119,109.2317867
8.277404491,100.6387653
8.822378517,106.2240832
9.460386249,113.1463103
8.081926204,97.4622519
14.4918503,119.4365563
8.468411878,104.4651793
10.15847482,115.3795143
7.860829948,88.39928467
7.955423602,92.3190158
13.85159505,119.1302608
11.22212703,117.4196564
10.53833165,116.3293618
8.181208394,98.39691564
7.97048392,93.93654918
11.74821199,117.84623
9.812107372,114.2945667
8.471451464,104.5142571
-
7.860829948,88.39928467
14.80671726,119.5592104
12.84465693,118.4774186
8.939781119,109.2317867
11.74821199,117.84623
10.53833165,116.3293618
9.460386249,113.1463103
7.955423602,92.3190158
7.97048392,93.93654918
8.081926204,97.4622519
9.812107372,114.2945667
10.15847482,115.3795143
13.85159505,119.1302608
14.4918503,119.4365563
8.383768318,100.9812552
7.860829948,88.39928467
11.22212703,117.4196564
8.181208394,98.39691564
8.468411878,104.4651793
8.822378517,106.2240832
-
14.80671726,119.5592104
7.814380226,79.31262577
7.860829948,88.39928467
8.383768318,100.9812552
11.74821199,117.84623
12.84465693,118.4774186
13.85004463,119.1298472
12.84465693,118.4774186
9.812107372,114.2945667
10.15847482,115.3795143
7.955423602,92.3190158
9.340662648,111.1473322
10.53833165,116.3293618
9.460386249,113.1463103
8.756700035,107.0432847
8.468411878,104.4651793
11.22212703,117.4196564
8.181208394,98.39691564
10.88177799,117.0890884
7.860829948,88.39928467
-
14.80671726,119.5592104
7.814380226,79.31262577
13.85004463,119.1298472
8.679369386,107.0432847
7.955423602,92.3190158
9.340662648,111.1473322
7.860829948,88.39928467
12.73002951,118.5186328
8.468411878,104.4651793
8.123710932,98.37859622
8.383768318,100.9812552
12.60995224,118.4473514
10.41617432,116.3293618
9.460386249,113.1463103
10.88177799,117.0890884
11.77351396,117.873677
7.860829948,88.39928467
10.15847482,115.3795143
9.812107372,114.2945667
8.339944563,98.41340993
-
7.814380226,79.31262577
14.98971683,119.6644682
13.85004463,119.1298472
8.679369386,107.0432847
7.860829948,88.39928467
9.340662648,111.1473322
7.955423602,92.3190158
8.123710932,98.37859622
14.80671726,119.5592104
12.73002951,118.5186328
8.383768318,100.9812552
12.60995224,118.4473514
10.88177799,117.0890884
11.77351396,117.873677
11.77351396,117.873677
7.955423602,92.3190158
7.860829948,88.39928467
8.468411878,104.4651793
8.468411878,104.4651793
10.41617432,116.3293618
-
7.814380226,79.31262577
14.98971683,119.6644682
9.340662648,111.1473322
7.834500163,84.77724425
8.679369386,107.0432847
12.73002951,118.5186328
10.19146469,115.0946947
7.999186034,95.17820879
13.85004463,119.1298472
10.88177799,117.0890884
8.383768318,100.9812552
14.44818743,119.416752
11.77351396,117.873677
8.123710932,98.37859622
9.657791854,113.4858428
12.60995224,118.4473514
11.86504516,117.9394359
10.40786574,116.3293618
7.860829948,88.39928467
7.955423602,92.3190158
-
7.814380226,79.31262577
14.98971683,119.6644682
8.679369386,107.0432847
13.85004463,119.1298472
7.834500163,84.77724425
9.340662648,111.1473322
7.860829948,88.39928467
8.123710932,98.37859622
8.383768318,100.9812552
12.73002951,118.5186328
7.955423602,92.3190158
10.19146469,115.0946947
7.999186034,95.17820879
11.55415838,117.5173623
10.88177799,117.0890884
12.07940524,118.1026153
9.657791854,113.4858428
10.40786574,116.3293618
9.362388577,111.5057764
8.383768318,100.9812552
-
7.814380226,79.31262577
14.98971683,119.6644682
13.85004463,119.1298472
12.73002951,118.5186328
8.679369386,107.0432847
7.834500163,84.77724425
9.657791854,113.4858428
8.383768318,100.9812552
7.955423602,92.3190158
10.19146469,115.0946947
14.98971683,119.6644682
10.40786574,116.3293618
7.814380226,79.31262577
8.965617211,109.526729
7.862051836,88.51886533
9.340662648,111.1473322
11.55415838,117.5173623
10.88177799,117.0890884
9.362388577,111.5057764
8.883444036,108.516912
-
7.814380226,79.31262577
14.98971683,119.6644682
8.369931471,100.9812552
12.73002951,118.5186328
11.55415838,117.5173623
7.955423602,92.3190158
8.679369386,107.0432847
7.834500163,84.77724425
9.657791854,113.4858428
7.862051836,88.51886533
13.85004463,119.1298472
14.98971683,119.6644682
13.84408307,119.1263086
7.814380226,79.31262577
10.88177799,117.0890884
8.965617211,109.526729
10.19146469,115.0946947
7.955423602,92.3190158
9.340662648,111.1473322
9.362388577,111.5057764
-
7.814380226,79.31262577
15.06479159,119.665904
8.369931471,100.9812552
12.73002951,118.5186328
8.679369386,107.0432847
11.55415838,117.5173623
7.955423602,92.3190158
7.834500163,84.77724425
7.862051836,88.51886533
13.84408307,119.1263086
14.49570907,119.4388798
9.657791854,113.4858428
10.78600947,116.6372247
7.814380226,79.31262577
10.19146469,115.0946947
10.19146469,115.0946947
7.955423602,92.3190158
9.290430781,111.1473322
10.88177799,117.0890884
8.965617211,109.526729
-
7.814380226,79.31262577
15.06479159,119.665904
11.55415838,117.5173623
8.369931471,100.9812552
7.955423602,92.3190158
13.84408307,119.1263086
8.679369386,107.0432847
7.834500163,84.77724425
9.657791854,113.4858428
9.290330513,111.1473322
8.590354185,101.5969062
12.73002951,118.5186328
8.965617211,109.526729
12.73002951,118.5186328
7.862051836,88.51886533
10.78600947,116.6372247
7.814380226,79.31262577
10.88177799,117.0890884
10.19146469,115.0946947
10.19146469,115.0946947
-
7.814380226,79.31262577
15.06479159,119.665904
7.955423602,92.3190158
13.84408307,119.1263086
8.36640769,100.8965022
8.679369386,107.0432847
7.834500163,84.77724425
9.653925831,113.4858428
7.862051836,88.51886533
9.290330513,111.1473322
8.585597726,101.5969062
11.55415838,117.5173623
12.73002951,118.5186328
8.965617211,109.526729
12.73367126,118.5225169
10.78600947,116.6372247
7.814380226,79.31262577
10.88177799,117.0890884
10.19146469,115.0946947
10.19146469,115.0946947
-
7.814380226,79.31262577
15.06479159,119.665904
8.324125331,100.8965022
7.955423602,92.3190158
7.862051836,88.51886533
9.290330513,111.1473322
11.57386339,117.728582
8.965617211,109.526729
15.06479159,119.665904
13.84408307,119.1263086
12.73002951,118.5186328
8.679369386,107.0432847
13.0144159,118.6798392
8.590497001,104.7853668
10.78600947,116.6372247
7.814380226,79.31262577
7.834500163,84.77724425
8.53850344,101.5969062
10.88177799,117.0890884
13.84408307,119.1263086
-
15.06479159,119.665904
7.805556107,79.31262577
7.955423602,92.3190158
10.21315172,115.6005038
8.324125331,100.8965022
9.290330513,111.1473322
7.834500163,84.77724425
12.73002951,118.5186328
11.57386339,117.728582
7.862051836,88.51886533
8.679369386,107.0432847
13.0144159,118.6798392
14.02417961,119.1866428
14.97734995,119.6437111
8.590497001,104.7853668
8.53850344,101.5969062
8.965617211,109.526729
10.78402076,116.7911557
13.84408307,119.1263086
11.40380088,117.5882886
-
15.06479159,119.665904
7.805556107,79.31262577
7.955423602,92.3190158
10.21315172,115.6005038
9.290330513,111.1473322
8.324125331,100.8965022
7.862051836,88.51886533
12.35800347,118.2852974
8.679369386,107.0432847
13.84408307,119.1263086
13.0144159,118.6798392
11.57386339,117.728582
7.834500163,84.77724425
11.40380088,117.5882886
8.478214352,104.0393408
10.78402076,116.7911557
10.78402076,116.7911557
8.590497001,104.7853668
8.965617211,109.526729
8.429525555,101.0977076
-
15.06479159,119.665904
7.805556107,79.31262577
10.21315172,115.6005038
7.955423602,92.3190158
9.187696502,111.4141815
8.312265439,97.84529256
7.834500163,84.77724425
7.862051836,88.51886533
13.94857964,119.1739123
13.0144159,118.6798392
8.965617211,109.526729
11.40380088,117.5882886
12.35800347,118.2852974
13.84408307,119.1263086
11.85681519,117.9428136
10.78402076,116.7911557
10.78402076,116.7911557
8.679369386,107.0432847
12.70100925,118.5040623
8.324125331,100.8965022
-
15.06479159,119.665904
7.805556107,79.31262577
9.187696502,111.4141815
8.679369386,107.0432847
8.324125331,100.8965022
8.287847724,97.84529256
10.21315172,115.6005038
7.955423602,92.3190158
8.965617211,109.526729
13.94857964,119.1739123
7.834500163,84.77724425
13.0144159,118.6798392
13.84408307,119.1263086
10.21315172,115.6005038
10.78402076,116.7911557
7.955423602,92.3190158
7.862051836,88.51886533
11.25790039,117.4373579
7.834500163,84.77724425
7.862051836,88.51886533
-
15.06479159,119.665904
7.805556107,79.31262577
12.21122657,118.1654058
9.803771536,114.3869881
8.679369386,107.0432847
11.25790039,117.4373579
8.423525891,101.0457046
8.186927353,97.68823567
13.94857964,119.1739123
9.187696502,111.4141815
15.06479159,119.665904
7.955423602,92.3190158
13.0144159,118.6798392
7.805556107,79.31262577
7.834500163,84.77724425
8.965617211,109.526729
13.19022469,118.7756552
10.21315172,115.6005038
10.78402076,116.7911557
7.955423602,92.3190158
-
15.06479159,119.665904
7.805556107,79.31262577
8.186927353,97.68823567
8.423525891,101.0457046
9.803771536,114.3869881
9.187696502,111.4141815
13.94857964,119.1739123
7.955423602,92.3190158
7.834500163,84.77724425
12.21122657,118.1654058
10.21253341,115.888637
8.6247162,106.093244
14.72224691,119.508765
7.955423602,92.3190158
11.25790039,117.4373579
11.76444138,117.7633673
13.19022469,118.7756552
7.805556107,79.31262577
7.834500163,84.77724425
8.679369386,107.0432847
-
15.06479159,119.665904
7.805556107,79.31262577
8.423525891,101.0457046
13.94857964,119.1739123
7.834900474,84.86763573
7.955423602,92.3190158
8.70483699,107.3701804
11.14184862,117.3325531
9.187696502,111.4141815
8.186927353,97.68823567
7.955423602,92.3190158
10.23794307,115.9300715
9.803771536,114.3869881
9.187696502,111.4141815
8.613997289,105.8290323
12.21122657,118.1654058
13.19022469,118.7756552
7.805556107,79.31262577
7.834500163,84.77724425
8.186927353,97.68823567
-
15.06479159,119.665904
7.805556107,79.31262577
12.21122657,118.1654058
8.173731813,97.68823567
13.19022469,118.7756552
11.14184862,117.3325531
8.698682463,107.3701804
7.834900474,84.86763573
7.955423602,92.3190158
8.423525891,101.0457046
10.23794307,115.9300715
13.94857964,119.1739123
9.187696502,111.4141815
8.020345311,93.07937682
10.71675481,116.7435362
9.545485353,112.2395142
8.593965151,103.3928476
7.834500163,84.77724425
7.805556107,79.31262577
13.84873758,119.0033888
-
15.06479159,119.665904
7.805556107,79.31262577
10.23794307,115.9300715
11.14184862,117.3325531
7.955423602,92.3190158
7.834900474,84.86763573
8.423525891,101.0457046
9.545485353,112.2395142
13.94857964,119.1739123
12.21122657,118.1654058
8.698682463,107.3701804
9.187696502,111.4141815
15.06479159,119.665904
13.18476756,118.7554982
12.21122657,118.1654058
7.805556107,79.31262577
7.834500163,84.77724425
8.173731813,97.68823567
8.020345311,93.07937682
8.173731813,97.68823567
-
15.06479159,119.665904
7.805556107,79.31262577
8.698682463,107.3701804
11.13531459,117.3325531
8.423525891,101.0457046
9.545485353,112.2395142
9.187696502,111.4141815
8.125270844,97.68823567
7.835649203,85.02481651
7.95388219,92.231618
13.94857964,119.1739123
10.23794307,115.9300715
12.21122657,118.1654058
15.06479159,119.665904
10.23969541,115.9657157
7.999222676,93.92049027
12.23148334,118.1796279
13.18476756,118.7554982
7.805556107,79.31262577
7.834500163,84.77724425
-
15.06479159,119.665904
7.805556107,79.31262577
8.423525891,101.0457046
9.545485353,112.2395142
7.854479059,87.73342442
8.698682463,107.3701804
10.23794307,115.9300715
13.18476756,118.7554982
11.95907739,117.9817045
8.97038657,109.3670327
15.06479159,119.665904
13.94857964,119.1739123
11.13531459,117.3325531
10.23969541,115.9657157
7.834500163,84.77724425
7.805556107,79.31262577
11.13531459,117.3325531
7.95388219,92.231618
8.125270844,97.68823567
13.94857964,119.1739123
-
15.06479159,119.665904
7.796503579,82.91873775
8.390744869,102.4911344
8.125270844,97.68823567
7.95388219,92.231618
8.698682463,107.3701804
7.854479059,87.73342442
9.545485353,112.2395142
9.58261127,113.7543537
13.18476756,118.7554982
14.9937113,119.6652303
8.97038657,109.3670327
13.94857964,119.1739123
11.07731074,117.2747319
10.30366147,115.9657157
10.23794307,115.9300715
7.834500163,84.77724425
11.95907739,117.9817045
11.13531459,117.3325531
13.94857964,119.1739123
-
7.796503579,82.91873775
15.06479159,119.665904
8.390744869,102.4911344
8.125270844,97.68823567
11.95907739,117.9817045
13.06884465,118.6884709
8.698682463,107.3701804
9.229726365,110.6473458
7.95388219,92.231618
14.46476378,119.4025513
10.30366147,115.9657157
11.07731074,117.2747319
10.04250888,114.9238715
7.834500163,84.77724425
7.854479059,87.73342442
7.953882188,92.23161793
13.18476756,118.7554982
9.477369101,113.1904477
11.1401141,117.3325531
9.58261127,113.7543537
-
7.796503579,82.91873775
15.06479159,119.665904
14.46476378,119.4025513
13.18476756,118.7554982
10.30366147,115.9657157
8.390744869,102.4911344
8.698682463,107.3701804
7.954209427,92.25034018
8.125270844,97.68823567
8.390744869,102.4911344
8.125270844,97.68823567
8.698682463,107.3701804
9.229726365,110.6473458
10.04250888,114.9238715
11.07731074,117.2747319
7.834500163,84.77724425
7.854479059,87.73342442
7.953882188,92.23161793
9.477369101,113.1904477
11.93688941,117.9433203
-
7.796503579,82.91873775
15.06479159,119.665904
13.18476756,118.7554982
11.07731074,117.2747319
9.229726365,110.6473458
7.854479059,87.73342442
14.46476378,119.4025513
12.4999342,118.3646234
10.04250888,114.9238715
8.554034577,102.6488745
7.954209427,92.25034018
8.125270844,97.68823567
9.013878986,107.558298
8.698682463,107.3701804
10.37485609,116.1739413
8.278607173,98.00456498
7.834500163,84.77724425
7.93400102,92.23161793
11.93688941,117.9433203
8.351604176,101.7779233
-
7.796503579,82.91873775
15.06479159,119.665904
9.229726365,110.6473458
10.04250888,114.9238715
11.93688941,117.9433203
14.46476378,119.4025513
12.4999342,118.3646234
13.27063369,118.7922939
8.125270844,97.68823567
7.954209427,92.25034018
8.351604176,101.7779233
8.905815295,108.0755028
8.698682463,107.3701804
8.554034577,102.6488745
11.07731074,117.2747319
7.854479059,87.73342442
7.93400102,92.23161793
13.18476756,118.7554982
9.229726365,110.6473458
8.278607173,98.00456498
-
7.796503579,82.91873775
15.06479159,119.665904
11.07731074,117.2747319
7.854479059,87.73342442
10.04250888,114.9238715
8.416668045,103.1154003
14.21482689,119.2936219
8.125270844,97.68823567
7.954209427,92.25034018
9.48495559,111.9758465
8.351604176,101.7779233
9.760293304,114.0631556
13.27063369,118.7922939
8.698682463,107.3701804
8.278607173,98.00456498
12.4999342,118.3646234
7.796503579,82.91873775
7.93400102,92.23161793
11.82594864,117.8646345
14.46476378,119.4025513
-
7.796503579,82.91873775
15.06479159,119.665904
8.698682463,107.3701804
10.04250888,114.9238715
13.27063369,118.7922939
9.207038682,110.4032526
12.4999342,118.3646234
11.07731074,117.2747319
8.125270844,97.68823567
8.416668045,103.1154003
14.21482689,119.2936219
7.954209427,92.25034018
8.351604176,101.7779233
8.278607173,98.00456498
7.797015559,83.22397579
7.930908668,92.05443858
9.760293304,114.0631556
7.854479058,87.73342431
7.854479059,87.73342442
11.07731074,117.2747319
-
7.796503579,82.91873775
15.06479159,119.665904
8.698682463,107.3701804
14.21482689,119.2936219
9.760293304,114.0631556
12.4999342,118.3646234
11.07731074,117.2747319
10.0792783,114.9755777
8.415224086,103.1154003
11.07731074,117.2747319
7.954209427,92.25034018
9.207038682,110.4032526
8.125270844,97.68823567
9.207038682,110.4032526
13.27063369,118.7922939
7.800089964,83.44097714
7.926842229,91.94248373
7.854479059,87.73342442
7.854479058,87.73342431
13.27063369,118.7922939
-
7.796503579,82.91873775
15.06479159,119.665904
8.415224086,103.1154003
12.4999342,118.3646234
9.760293304,114.0631556
11.07731074,117.2747319
11.07731074,117.2747319
10.0792783,114.9755777
8.125270844,97.68823567
9.207038682,110.4032526
7.954209427,92.25034018
8.125270844,97.68823567
8.698682463,107.3701804
8.995674795,108.3469779
14.21482689,119.2936219
13.27063369,118.7922939
15.06479159,119.665904
14.21482689,119.2936219
7.926842229,91.94248373
7.854479059,87.73342442
-
7.796503579,82.91873775
15.06479159,119.665904
12.4999342,118.3646234
8.415224086,103.1154003
9.760293304,114.0631556
11.07731074,117.2747319
8.698682463,107.3701804
10.03781226,115.2214609
10.73635607,116.8841328
8.125270844,97.68823567
9.237015965,110.6603737
7.954209427,92.25034018
8.115061483,97.36755372
8.995674795,108.3469779
13.73681276,119.0555634
7.841813026,87.73342431
7.926842229,91.94248373
7.854479059,87.73342442
13.27063369,118.7922939
14.81261512,119.5608479
-
7.796503579,82.91873775
15.06479159,119.665904
9.187820196,110.6603737
11.07731074,117.2747319
9.760293304,114.0631556
12.40197624,118.2832907
8.125270845,97.68823572
8.415224086,103.1154003
7.954209427,92.25034018
8.115061483,97.36755372
13.73681276,119.0555634
14.81261512,119.5608479
8.805748275,108.3469779
8.698682463,107.3701804
8.415224086,103.1154003
10.13961068,115.471364
7.841813026,87.73342431
7.926842229,91.94248373
7.854479059,87.73342442
10.73635607,116.8841328
-
7.796503579,82.91873775
15.06479159,119.665904
9.187820196,110.6603737
11.07731074,117.2747319
12.40197624,118.2832907
13.53962973,118.9553479
8.125270845,97.68823572
8.415224086,103.1154003
13.73681276,119.0555634
12.40212042,118.2841447
9.717520949,114.060063
14.76996813,119.5490974
8.016076709,95.14705303
8.698682463,107.3701804
8.415224086,103.1154003
7.841813026,87.73342431
7.796503579,82.91873775
7.926842229,91.94248373
7.854479059,87.73342442
10.73635607,116.8841328
-
7.796503579,82.91873775
15.06479159,119.665904
9.717520949,114.060063
10.73635607,116.8841328
11.85521165,117.913786
8.125270845,97.68823572
8.415224086,103.1154003
12.40212042,118.2841447
13.53962973,118.9553479
9.187820196,110.6603737
8.698682466,107.3701804
9.187820196,110.6603737
14.01193903,119.1950178
8.698682463,107.3701804
8.415224086,103.1154003
14.76996813,119.5490974
7.841813026,87.73342431
7.796503579,82.91873775
7.854479059,87.73342442
7.926842229,91.94248373
-
7.796503579,82.91873775
15.06479159,119.665904
8.125270845,97.68823572
11.85521165,117.913786
10.71175273,116.8440459
9.733521148,114.1344574
8.415224086,103.1154003
10.73635607,116.8841328
13.53962973,118.9553479
14.01193903,119.1950178
7.926842229,91.94248373
12.78803745,118.5337385
9.513152076,112.9778578
14.76996813,119.5490974
8.904035333,107.627033
8.698682463,107.3701804
8.415224086,103.1154003
12.40212042,118.2841447
7.796503579,82.91873775
7.841813026,87.73342431
-
7.796503579,82.91873775
15.06479159,119.665904
8.125270845,97.68823572
7.926842229,91.94248373
11.85521165,117.913786
7.827036485,87.73342431
9.106414739,110.5554107
10.26603567,115.8979404
8.415224086,103.1154003
10.73635607,116.8841328
9.513152076,112.9778578
9.733521148,114.1344574
8.68942306,107.3368019
8.415224086,103.1154003
12.40212042,118.2841447
8.869902794,107.627033
7.796503579,82.91873775
14.76996813,119.5490974
12.99167276,118.5641396
14.23606328,119.282408
-
7.796503579,82.91873775
15.06479159,119.665904
10.73635607,116.8841328
11.85521165,117.913786
7.827036485,87.73342431
10.26603567,115.8979404
9.106414739,110.5554107
12.99167276,118.5641396
14.23606328,119.282408
8.125270845,97.68823572
8.415224086,103.1154003
8.125270845,97.68823572
7.926842229,91.94248373
12.40212042,118.2841447
8.68942306,107.3368019
8.415224086,103.1154003
7.796503579,82.91873775
7.926842229,91.94248373
9.513152076,112.9778578
9.733521148,114.1344574
-
7.796503579,82.91873775
15.06479159,119.665904
14.23606328,119.282408
12.99167276,118.5641396
10.73635607,116.8841328
9.106414739,110.5554107
8.68942306,107.3368019
8.283727294,100.21992
8.105168722,97.04727244
11.85505387,117.912912
12.40212042,118.2841447
7.926842229,91.94248373
8.444683813,103.661892
8.986801328,108.1139804
7.796503579,82.91873775
7.827036485,87.73342431
7.827036485,87.73342431
7.926842229,91.94248373
9.513152076,112.9778578
10.26603567,115.8979404
-
7.796503579,82.91873775
15.06479159,119.665904
14.23606328,119.282408
12.99167276,118.5641396
10.73635607,116.8841328
8.444683813,103.661892
9.106414739,110.5554107
9.513152076,112.9778578
11.85505387,117.912912
10.26603567,115.8979404
8.105168722,97.04727244
7.926842229,91.94248373
8.986801328,108.1139804
7.796503579,82.91873775
7.827036485,87.73342431
8.68942306,107.3368019
7.926842229,91.94248373
7.827036485,87.73342431
15.06479159,119.665904
8.283727294,100.21992
-
7.796503579,82.91873775
15.06479159,119.665904
12.99167276,118.5641396
14.23606328,119.282408
9.489105488,113.3082639
11.85505387,117.912912
7.826067172,88.05781672
8.444683813,103.661892
8.283727294,100.21992
9.106414739,110.5554107
10.20815434,115.3764339
11.24963306,117.4368125
8.070057919,96.97478029
7.926842229,91.94248373
7.796503579,82.91873775
8.68942306,107.3368019
14.95031633,119.5624389
7.926842229,91.94248373
8.105168722,97.04727244
10.26603567,115.8979404
-
7.796503579,82.91873775
15.06479159,119.665904
12.99167276,118.5641396
14.23606328,119.282408
7.921872092,91.94248373
9.106414739,110.5554107
11.85505387,117.912912
7.826067172,88.05781672
8.444683813,103.661892
8.068819601,97.04727244
9.489105488,113.3082639
11.20283329,117.3814456
10.26603567,115.8979404
9.976381741,114.5060671
8.283727294,100.21992
8.68942306,107.3368019
7.796503579,82.91873775
8.68942306,107.3368019
8.241908077,99.11608762
14.95031633,119.5624389
-
7.796503579,82.91873775
15.06479159,119.665904
7.826067172,88.05781672
11.85505387,117.912912
12.99167276,118.5641396
14.23606328,119.282408
8.444683813,103.661892
12.99167276,118.5641396
8.004633309,94.68401532
10.95281637,117.1807744
8.068819601,97.04727244
9.106414739,110.5554107
8.68942306,107.3368019
7.796503579,82.91873775
9.489105488,113.3082639
10.26603567,115.8979404
8.554689495,105.4669163
9.106414739,110.5554107
14.95031633,119.5624389
7.921872092,91.94248373
-
7.796503579,82.91873775
15.06479159,119.665904
7.826067172,88.05781672
8.068819601,97.04727244
7.921872092,91.94248373
14.22856459,119.2286222
12.99167276,118.5641396
9.489105488,113.3082639
10.26574054,115.4799618
8.351362196,101.1073786
8.004633309,94.68401532
10.95281637,117.1807744
9.106414739,110.5554107
8.68942306,107.3368019
11.84537288,117.7438259
7.796503579,82.91873775
12.5078758,118.3395018
8.554689495,105.4669163
10.9445605,116.7027626
9.458906906,112.8068332
-
7.796503579,82.91873775
15.06479159,119.665904
14.22856459,119.2286222
12.99167276,118.5641396
9.106414739,110.5554107
8.068819601,97.04727244
8.554689495,105.4669163
8.68942306,107.3368019
7.826067172,88.05781672
11.84537288,117.7438259
10.26152082,114.3161305
8.004633309,94.68401532
10.95281637,117.1807744
8.351362196,101.1073786
8.351362196,101.1073786
9.489105488,113.3082639
7.796503579,82.91873775
10.9445605,116.7027626
7.921872092,91.94248373
12.5078758,118.3395018
-
7.796503579,82.91873775
15.06479159,119.665904
9.106414739,110.5554107
10.26152082,114.3161305
7.826067172,88.05781672
11.84537288,117.7438259
14.22856459,119.2286222
12.99167276,118.5641396
10.9445605,116.7027626
8.554689495,105.4669163
8.68942306,107.3368019
8.004633309,94.68401532
8.21279919,97.46727885
8.351362196,101.1073786
7.796503579,82.91873775
10.95281637,117.1807744
9.596101824,113.5174608
9.489105488,113.3082639
15.06479159,119.665904
14.22856459,119.2286222
-
7.796503579,82.91873775
15.06479159,119.665904
8.324049476,101.1073786
9.106414739,110.5554107
10.26152082,114.3161305
8.554689495,105.4669163
8.21279919,97.46727885
7.826067172,88.05781672
8.004633309,94.68401532
12.09258998,117.9809522
12.99167276,118.5641396
13.25131704,118.7105213
10.85680034,115.3039066
14.16474249,119.0714568
8.68942306,107.3368019
7.796503579,82.91873775
7.826067172,88.05781672
11.10182141,117.1883528
9.596101824,113.5174608
9.475637876,112.5145669
-
15.06479159,119.665904
7.796428587,81.76893062
8.004633309,94.68401532
13.9623703,119.1508241
11.10182141,117.1883528
12.09258998,117.9809522
7.826067172,88.05781672
10.85680034,115.3039066
8.68942306,107.3368019
8.554689495,105.4669163
10.26152082,114.3161305
8.372479276,102.1804788
8.324049476,101.1073786
9.037669906,109.9522268
7.796503579,82.91873775
7.826067172,88.05781672
12.57456139,118.3097229
9.106414739,110.5554107
13.25131704,118.7105213
9.771904801,114.2474723
-
15.06479159,119.665904
7.796428587,81.76893062
8.004633309,94.68401532
13.9623703,119.1508241
9.771904801,114.2474723
11.08612277,117.1883528
8.324049476,101.1073786
13.25131704,118.7105213
7.826067172,88.05781672
10.59313161,116.4611881
9.106414739,110.5554107
12.09258998,117.9809522
8.554689495,105.4669163
7.796986953,83.20857421
7.823695235,87.81395285
8.68942306,107.3368019
8.955841709,108.0646128
8.415570527,103.1220459
12.57456139,118.3097229
10.26152082,114.3161305
-
15.06479159,119.665904
7.796428587,81.76893062
8.269971182,99.87092833
13.25131704,118.7105213
8.004633309,94.68401532
7.826067172,88.05781672
9.771904801,114.2474723
9.106414739,110.5554107
8.004633309,94.68401532
14.61941523,119.4213672
7.796986953,83.20857421
11.08612277,117.1883528
12.09258998,117.9809522
8.554689495,105.4669163
8.415570527,103.1220459
7.823695235,87.81395285
8.955841709,108.0646128
13.9623703,119.1508241
8.324049476,101.1073786
12.57456139,118.3097229
-
15.06479159,119.665904
7.796428587,81.76893062
11.08612277,117.1883528
9.106414739,110.5554107
9.966666668,114.7108382
9.771904801,114.2474723
8.269971182,99.87092833
13.25131704,118.7105213
8.93240543,108.2580797
8.554689495,105.4669163
7.826067172,88.05781672
8.004633309,94.68401532
8.004633309,94.68401532
14.61941523,119.4213672
7.796986953,83.20857421
8.415570527,103.1220459
12.09258998,117.9809522
7.823695235,87.81395285
12.57456139,118.3097229
13.9623703,119.1508241
-
15.06479159,119.665904
7.796428587,81.76893062
11.08612277,117.1883528
8.269971182,99.87092833
9.106414739,110.5554107
10.20027877,115.5833845
12.09258998,117.9809522
9.771904801,114.2474723
7.826067172,88.05781672
13.25131704,118.7105213
8.004633309,94.68401532
8.004633309,94.68401532
7.823695235,87.81395285
8.93240543,108.2580797
8.554689495,105.4669163
7.796986953,83.20857421
13.89612578,119.1156312
12.57456139,118.3097229
13.9623703,119.1508241
8.415570527,103.1220459
-
15.06479159,119.665904
7.796428587,81.76893062
8.269971182,99.87092833
12.09258998,117.9809522
9.771904801,114.2474723
8.93240543,108.2580797
7.826067172,88.05781672
8.004633309,94.68401532
9.218369276,111.4511954
8.415570527,103.1220459
13.9623703,119.1508241
8.004633309,94.68401532
15.06479159,119.665904
10.94790479,116.5934591
11.19966326,117.2280137
10.20027877,115.5833845
13.25131704,118.7105213
7.823695235,87.81395285
8.554689495,105.4669163
7.796986953,83.20857421
-
15.06479159,119.665904
7.796428587,81.76893062
7.823373669,88.05781672
8.269971182,99.87092833
12.09258998,117.9809522
9.771904801,114.2474723
8.004633309,94.68401532
12.81134355,118.5645415
8.004633309,94.68401532
15.06479159,119.665904
13.9623703,119.1508241
9.218369276,111.4511954
11.19966326,117.2280137
10.94790479,116.5934591
7.796986953,83.20857421
10.38204654,115.6197364
8.93240543,108.2580797
8.554689495,105.4669163
8.93240543,108.2580797
9.218369276,111.4511954
-
7.796428587,81.76893062
15.02050382,119.665904
8.554689495,105.4669163
9.771904801,114.2474723
12.09258998,117.9809522
8.917470968,109.0283251
7.823373669,88.05781672
8.004633309,94.68401532
8.269971182,99.87092833
12.81134355,118.5645415
13.9623703,119.1508241
8.269971182,99.87092833
8.004633309,94.68401532
13.9623703,119.1508241
11.19599229,117.2687663
9.218369276,111.4511954
7.823373669,88.05781672
7.796986953,83.20857421
10.38204654,115.6197364
12.81134355,118.5645415
-
7.796428587,81.76893062
15.02050382,119.665904
8.554689495,105.4669163
9.771904801,114.2474723
7.906012341,88.79525349
8.269971182,99.87092833
12.81134355,118.5645415
13.9623703,119.1508241
8.004633309,94.68401532
8.269971182,99.87092833
8.004633309,94.68401532
14.59205212,119.4458624
7.79649411,83.75375834
11.19599229,117.2687663
10.38204654,115.6197364
9.372315211,111.9703799
8.917470968,109.0283251
11.36908522,117.5568623
10.38204654,115.6197364
7.820314351,87.57208326
-
7.796428587,81.76893062
15.02050382,119.665904
8.554689495,105.4669163
9.372315211,111.9703799
8.244241251,99.87092833
11.36918436,117.5568734
12.81134355,118.5645415
8.377229866,102.7105564
9.771904801,114.2474723
13.25302167,118.6697758
8.179390533,94.90310537
7.994480646,92.93239186
7.906012341,88.79525349
8.915131058,109.0283251
14.59205212,119.4458624
7.79649411,83.75375834
10.78574783,116.5076559
7.820314351,87.57208326
8.950144201,109.6616924
10.0621289,115.2192757
-
7.796428587,81.76893062
15.02050382,119.665904
13.25302167,118.6697758
10.78574783,116.5076559
12.63165265,118.3560665
14.59205212,119.4458624
10.0621289,115.2192757
11.36918436,117.5568734
9.771904801,114.2474723
7.820314351,87.57208326
8.179390533,94.90310537
8.554689495,105.4669163
8.915131058,109.0283251
8.950144201,109.6616924
8.244241251,99.87092833
7.994480646,92.93239186
7.906012341,88.79525349
9.372315211,111.9703799
9.372315211,111.9703799
11.36918436,117.5568734
-
7.796428587,81.76893062
15.02050382,119.665904
8.554689495,105.4669163
13.25302167,118.6697758
12.63165265,118.3560665
14.58279841,119.4458624
10.78574783,116.5076559
8.179390533,94.90310537
7.820314351,87.57208326
11.36918436,117.5568734
8.244241251,99.87092833
9.771904801,114.2474723
8.894828828,109.1243302
7.796428587,81.76893062
8.950144201,109.6616924
8.244241251,99.87092833
10.0621289,115.2192757
7.994480646,92.93239186
7.906012341,88.79525349
9.372315211,111.9703799
-
7.796428587,81.76893062
15.02050382,119.665904
11.36918436,117.5568734
13.25302167,118.6697758
14.58279841,119.4458624
7.820314351,87.57208326
12.63165265,118.3560665
8.402170088,102.7838788
8.894828828,109.1243302
7.796428587,81.76893062
7.994480646,92.93239186
8.554689495,105.4669163
8.233035454,97.2493003
10.29974698,115.3919347
10.78574783,116.5076559
8.950144201,109.6616924
8.179390533,94.90310537
7.906012341,88.79525349
9.336394342,111.4992824
9.771904801,114.2474723
-
7.796428587,81.76893062
15.02050382,119.665904
12.49417329,118.3797214
14.58279841,119.4458624
8.233035454,97.2493003
8.554689495,105.4669163
13.28333929,118.7070171
11.36918436,117.5568734
7.820314351,87.57208326
10.25481351,115.3919347
7.994480646,92.93239186
10.78574783,116.5076559
8.402170088,102.7838788
7.906012341,88.79525349
8.894828828,109.1243302
7.796428587,81.76893062
8.179390533,94.90310537
9.336394342,111.4992824
9.771904801,114.2474723
8.950144201,109.6616924
-
7.796428587,81.76893062
15.02050382,119.665904
12.49417329,118.3797214
7.994480646,92.93239186
8.172871432,97.2493003
8.554689495,105.4669163
11.36918436,117.5568734
14.58279841,119.4458624
7.820314351,87.57208326
13.37127065,118.8827713
8.307787541,100.5705573
7.906012341,88.79525349
8.894828828,109.1243302
8.402170088,102.7838788
7.796428587,81.76893062
13.28333929,118.7070171
10.78574783,116.5076559
9.540774127,113.0585104
9.771904801,114.2474723
11.12758731,117.2394841
-
7.796428587,81.76893062
15.02050382,119.665904
7.994480646,92.93239186
8.172871432,97.2493003
10.50449311,116.5076559
9.771904801,114.2474723
12.49417329,118.3797214
7.820314351,87.57208326
9.330023843,111.6171061
14.58279841,119.4458624
13.79329907,119.0664307
8.894828828,109.1243302
7.906012341,88.79525349
8.554689495,105.4669163
7.796428587,81.76893062
11.85564893,117.9454043
13.28333929,118.7070171
9.540774127,113.0585104
8.307787541,100.5705573
10.98731039,116.9391872
-
7.796428587,81.76893062
15.02050382,119.665904
8.554689495,105.4669163
8.307787541,100.5705573
7.994480646,92.93239186
8.126996248,97.2493003
9.771904801,114.2474723
10.50449311,116.5076559
7.820314351,87.57208326
13.28333929,118.7070171
10.89114335,116.9943865
7.906012341,88.79525349
11.80753153,117.8367218
7.796428587,81.76893062
8.894828828,109.1243302
9.330023843,111.6171061
8.894828828,109.1243302
12.49417329,118.3797214
14.58279841,119.4458624
13.79329907,119.0664307
-
7.796428587,81.76893062
15.02050382,119.665904
9.771904801,114.2474723
11.80753153,117.8367218
10.50245242,116.5076559
8.307787541,100.5705573
8.554689495,105.4669163
7.820314351,87.57208326
13.28333929,118.7070171
7.796428587,81.76893062
10.89114335,116.9943865
8.659929818,106.9560013
7.994480646,92.93239186
8.126996248,97.2493003
9.330023843,111.6171061
8.894828828,109.1243302
9.330023843,111.6171061
7.994480646,92.93239186
7.906012341,88.79525349
12.64781118,118.4425723
-
7.796428587,81.76893062
15.02050382,119.665904
13.28333929,118.7070171
9.770445356,114.2474723
15.02050382,119.665904
12.64781118,118.4425723
8.307787541,100.5705573
8.554689495,105.4669163
10.50245242,116.5076559
7.796428587,81.76893062
7.820314351,87.57208326
7.882286722,88.79525349
10.89114335,116.9943865
11.80753153,117.8367218
8.126996248,97.2493003
8.659929818,106.9560013
11.80812948,117.8445535
7.994480646,92.93239186
9.330023843,111.6171061
9.330023843,111.6171061
-
7.796428587,81.76893062
15.02050382,119.665904
7.994480646,92.93239186
10.50245242,116.5076559
8.659929818,106.9560013
9.330023843,111.6171061
10.89114335,116.9943865
12.64781118,118.4425723
13.18441392,118.759637
7.820314351,87.57208326
7.877632201,88.79525349
8.307787541,100.5705573
8.554689495,105.4669163
9.770445356,114.2474723
14.0675153,119.1295846
7.796428587,81.76893062
11.80753153,117.8367218
14.21869432,119.2907622
11.80812948,117.8445535
8.126996248,97.2493003
-
7.796428587,81.76893062
15.02050382,119.665904
9.330023843,111.6171061
8.659929818,106.9560013
10.50245242,116.5076559
7.994480646,92.93239186
7.820314351,87.57208326
8.126996248,97.2493003
8.307787541,100.5705573
8.554689495,105.4669163
9.770445356,114.2474723
7.796428587,81.76893062
13.18441392,118.759637
10.99804429,117.1275104
8.071472993,95.24557785
13.63951555,118.9692595
11.80753153,117.8367218
9.770445356,114.2474723
7.877632201,88.79525349
14.21869432,119.2907622
-
7.796428587,81.76893062
15.02050382,119.665904
8.659929818,106.9560013
9.763797723,114.2474723
9.330023843,111.6171061
13.10397621,118.7145234
11.81062885,117.8690297
10.50245242,116.5076559
7.796428587,81.76893062
7.820314351,87.57208326
8.307787541,100.5705573
10.99804429,117.1275104
11.80753153,117.8367218
8.352922035,101.7423812
9.351770239,112.3653466
8.498332055,104.5013815
7.994480646,92.93239186
7.877632201,88.79525349
14.21869432,119.2907622
8.126996248,97.2493003
-
7.796428587,81.76893062
15.02050382,119.665904
13.10397621,118.7145234
14.21869432,119.2907622
9.763797723,114.2474723
8.126996248,97.2493003
9.003694786,108.8834558
11.81062885,117.8690297
7.994480646,92.93239186
8.659929818,106.9560013
10.50245242,116.5076559
7.796428587,81.76893062
7.820314351,87.57208326
9.330023843,111.6171061
8.352922035,101.7423812
7.906223008,91.05840388
11.1166694,117.2317954
15.02050382,119.665904
11.80753153,117.8367218
8.307787541,100.5705573
-
7.796428587,81.76893062
15.02050382,119.665904
9.763797723,114.2474723
14.2040027,119.2907622
10.50245242,116.5076559
7.820314351,87.57208326
9.330023843,111.6171061
11.1166694,117.2317954
13.10397621,118.7145234
11.81062885,117.8690297
8.659929818,106.9560013
8.352922035,101.7423812
13.16325044,118.7240678
8.126996248,97.2493003
7.796428587,81.76893062
8.307787541,100.5705573
8.042708029,96.02682539
15.02050382,119.665904
9.003694786,108.8834558
11.80753153,117.8367218
-
