3.40116306,4.96503428
3.67986357,6.06007375
0.04821188,1.00915728
2.93433859,1.09682553
6.1059854,4.2093128
5.85718405,0.47634982
5.37688447,4.83557973
2.59651582,1.77252509
1.26868704,5.56029425
3.87255958,3.3153646
4.20621974,6.55838044
0.60924735,2.4671682
2.09834692,3.05909473
0.80620603,0.31846375
6.93443256,1.66106016
2.26131966,3.64261929
6.40044576,3.91166597
5.06955122,2.38116298
4.5604976,5.69058767
1.40028904,6.83276835
-
6.1059854,4.2093128
5.37688447,4.83557973
5.37688447,4.83557973
2.59651582,1.77252509
2.59651582,1.77252509
3.87255958,3.3153646
4.20621974,6.55838044
6.40044576,3.91166597
6.40044576,3.91166597
5.06955122,2.38116298
5.06955122,2.38116298
4.5604976,5.69058767
5.85718405,4.242286543
4.235717921,3.580798921
4.654893974,6.83276835
1.089107338,1.00915728
3.67986357,6.06007375
2.689107246,3.3153646
3.442649814,4.96503428
6.93443256,1.66106016
-
6.1059854,4.2093128
3.87255958,3.3153646
4.5604976,5.69058767
4.5604976,5.69058767
5.85718405,4.242286543
4.235717921,3.580798921
4.654893974,6.83276835
4.654893974,6.83276835
4.802870297,4.83557973
2.639836479,2.753209635
3.835573986,2.345597616
4.20621974,4.148987322
6.40044576,6.055905346
5.85718405,3.730160402
4.235717921,4.091612226
2.111554824,1.955632732
4.20621974,6.55838044
2.59651582,1.77252509
2.689107246,3.3153646
5.06955122,2.38116298
-
4.654893974,6.83276835
2.111554824,1.955632732
3.504281019,3.3153646
3.684147506,2.345597616
2.639836479,2.753209635
6.40044576,6.055905346
4.5604976,5.69058767
4.802870297,4.83557973
4.235717921,3.580798921
4.241479844,2.38116298
2.639836479,2.753209635
4.654893974,6.83276835
5.85718405,4.242286543
4.802870297,4.83557973
4.755869704,5.870010455
5.85718405,3.730160402
5.85718405,3.773290298
4.235717921,4.048794502
4.20621974,4.148987322
6.1059854,4.2093128
-
4.654893974,6.83276835
2.111554824,1.955632732
3.586273122,2.345597616
4.755869704,3.007238091
2.111554824,1.955632732
3.504281019,3.3153646
4.5604976,5.69058767
4.802870297,4.83557973
2.639836479,2.753209635
5.85718405,4.242286543
4.443237566,3.824569
2.639836479,2.753209635
4.241479844,2.38116298
5.85718405,6.171849594
4.802870297,4.83557973
4.654893974,6.83276835
4.235717921,3.580798921
4.755869704,5.870010455
4.235717921,4.048794502
6.284650831,6.055905346
-
2.111554824,1.955632732
4.737372288,6.83276835
2.447554691,2.427369097
2.111554824,1.955632732
5.547864194,5.504370964
4.802870297,4.83557973
3.504281019,3.3153646
2.639836479,2.753209635
4.755869704,3.007238091
5.85718405,6.171849594
3.180113088,2.852185842
4.443237566,3.824569
4.654893974,6.83276835
4.910313403,4.526688525
4.755869704,5.870010455
6.20738112,3.333912335
4.126883955,2.943010365
4.828287217,6.168548236
4.654893974,3.613205069
4.533514247,4.050367351
-
2.111554824,1.955632732
4.737372288,6.83276835
2.111554824,1.955632732
2.447554691,2.427369097
2.447554691,2.427369097
2.639836479,2.753209635
4.533514247,4.050367351
4.755869704,3.007238091
5.85718405,6.171849594
4.802870297,4.83557973
3.180113088,2.852185842
4.910313403,4.526688525
3.662965767,3.386617114
4.654893974,6.83276835
4.654893974,3.613205069
3.504281019,3.3153646
4.126883955,2.943010365
4.911321087,5.205625915
4.802870297,5.133530744
4.828287217,6.168548236
-
2.111554824,1.955632732
4.737372288,6.83276835
2.36319748,2.130661075
4.911321087,5.205625915
2.639836479,2.753209635
4.828287217,6.168548236
4.910313403,4.526688525
2.447554691,2.396047242
4.654893974,3.613205069
2.447554691,2.427369097
3.504281019,3.128299013
3.180113088,2.852185842
4.654893974,3.800609308
4.533514247,4.050367351
4.126883955,2.943010365
4.654893974,6.83276835
3.662965767,3.386617114
5.85718405,6.171849594
2.111554824,1.990595775
3.504281019,3.3153646
-
2.111554824,1.955632732
4.737372288,6.83276835
4.911321087,5.205625915
2.36319748,2.130661075
2.639836479,2.753209635
4.828287217,6.168548236
4.910313403,4.526688525
2.447554691,2.396047242
2.447554691,2.427369097
3.463090755,3.128299013
5.85718405,6.171849594
3.180113088,2.852185842
4.588245275,3.800609308
4.654893974,6.83276835
4.126883955,2.943010365
4.533514247,4.050367351
6.286635001,4.119149632
4.654893974,3.613205069
3.38331673,3.613205069
2.111554824,1.990595775
-
2.111554824,1.955632732
4.737372288,6.83276835
4.910313403,4.526688525
4.828287217,6.168548236
4.911321087,5.205625915
2.639836479,2.753209635
3.463090755,3.128299013
4.436040277,3.415745367
2.447554691,2.396047242
2.36319748,2.130661075
4.911321087,5.205625915
3.463090755,2.430811653
4.588245275,3.800609308
4.126883955,2.943010365
4.654893974,6.768810222
4.533514247,4.050367351
2.111554824,1.990595775
5.85718405,6.171849594
2.36319748,2.130661075
6.286635001,4.119149632
-
2.111554824,1.955632732
4.737372288,6.83276835
2.639836479,2.753209635
3.463090755,2.430811653
3.640318347,3.415745367
4.902356594,5.591848825
4.737372288,4.649398574
4.588245275,3.800609308
4.056287014,3.600310064
4.828287217,6.168548236
2.36319748,2.372756307
2.447554691,2.154849606
4.126883955,2.943010365
5.018248004,2.753209635
4.911321087,5.205625915
6.286635001,4.119149632
5.85718405,6.171849594
4.654893974,6.768810222
4.533514247,4.050367351
2.111554824,1.990595775
-
2.111554824,1.955632732
4.737372288,6.83276835
2.639836479,2.753209635
3.463090755,2.430811653
3.640318347,3.415745367
4.126883955,2.943010365
4.654893974,6.768810222
2.111554824,1.990595775
4.533514247,4.788179093
4.976042569,6.171849594
4.902356594,5.591848825
4.828287217,6.168548236
2.36319748,2.372756307
2.447554691,2.154849606
4.533514247,4.050367351
2.447554691,2.154849606
4.737372288,4.649398574
6.286635001,4.119149632
4.911321087,5.205625915
4.902356594,5.591848825
-
2.111554824,1.955632732
4.737372288,6.83276835
2.639836479,2.753209635
4.533514247,4.050367351
2.358738047,2.154849606
3.635037741,3.431551862
4.126883955,2.943010365
3.640318347,3.415745367
3.463090755,2.430811653
4.737372288,4.147626287
4.737372288,4.649398574
4.654893974,6.768810222
4.130963586,2.928285546
2.111554824,1.990595775
2.36319748,2.372756307
4.976042569,6.171849594
4.902356594,5.591848825
4.828287217,6.168548236
5.64810441,4.788179093
5.729892556,5.406572927
-
4.737372288,6.83276835
1.983894352,1.990595775
4.533514247,4.050367351
3.635037741,3.431551862
5.64810441,4.788179093
2.36319748,2.372756307
5.695148247,5.406572927
3.463090755,2.430811653
4.827557851,5.591848825
2.639836479,2.753209635
4.737372288,4.147626287
4.130963586,2.928285546
2.639836479,2.687621312
4.828287217,6.168548236
2.358738047,2.154849606
4.976042569,6.171849594
4.737372288,4.649398574
4.654893974,6.768810222
3.974010029,3.116097925
2.111554824,1.990595775
-
4.737372288,6.83276835
2.111554824,1.917942344
2.358738047,2.154849606
5.369591499,3.615772471
4.130963586,2.928285546
2.810557878,2.574895429
4.827557851,5.591848825
4.130963586,4.071996275
2.639836479,2.753209635
2.36319748,2.372756307
4.828287217,6.168548236
4.700095239,6.563455724
2.36319748,2.344564552
3.974010029,3.22037227
3.635037741,3.431551862
2.111554824,1.990595775
4.737372288,4.649398574
6.024190531,5.136915658
5.830949245,3.442560344
5.64810441,4.806763176
-
4.737372288,6.83276835
2.111554824,1.917942344
4.130963586,4.071996275
2.358738047,2.154849606
2.639836479,2.753209635
5.369591499,3.615772471
3.974010029,3.22037227
4.737372288,4.649398574
2.111554824,1.990595775
4.827557851,5.591848825
5.64810441,4.806763176
2.365087934,2.372756307
4.828287217,6.168548236
4.130963586,2.917684858
2.36319748,2.344564552
2.810557878,2.574895429
5.64810441,2.937402714
3.635037741,3.431551862
5.830949245,3.442560344
4.828287217,6.168548236
-
4.737372288,6.83276835
2.111554824,1.917942344
4.130963586,4.071996275
2.93565101,3.022573289
2.358738047,2.154849606
5.64810441,4.806763176
2.810557878,2.574895429
4.827557851,5.591848825
4.737372288,4.649398574
4.828287217,6.168548236
2.639836479,2.753209635
2.365087934,2.372756307
4.827557851,5.591848825
4.828287217,6.168548236
2.36319748,2.344564552
5.369591499,3.615772471
3.974010029,3.22037227
2.111554824,1.990595775
5.006879003,3.442560344
3.635037741,3.324150324
-
4.737372288,6.83276835
2.111554824,1.917942344
2.358738047,2.154849606
5.64810441,4.806763176
2.639836479,2.753209635
5.369591499,3.615772471
2.93565101,3.022573289
2.810557878,2.574895429
4.130963586,4.071996275
4.827557851,5.591848825
4.828287217,6.168548236
4.209899091,3.442560344
4.987034273,4.210578029
2.36319748,2.344564552
2.559927629,2.372756307
5.011813631,3.035748827
2.111554824,1.990595775
4.827557851,4.532141691
3.635037741,3.324150324
4.828184184,5.809099401
-
4.737372288,6.83276835
2.111554824,1.917942344
4.828287217,6.168548236
2.358738047,2.154849606
2.639836479,2.753209635
2.93565101,3.022573289
5.369591499,3.615772471
5.685141546,5.114429908
4.827557851,4.532141691
2.111554824,1.990595775
5.64810441,4.806763176
5.011813631,3.035748827
3.635037741,3.324150324
4.827557851,5.591848825
4.209899091,3.442560344
4.987034273,4.210578029
2.36319748,2.344564552
4.828184184,5.809099401
4.828287217,3.986041934
2.858013058,2.523712784
-
4.737372288,6.83276835
2.111554824,1.917942344
2.858013058,2.523712784
2.93565101,2.770885239
2.320903329,2.154849606
4.828287217,6.168548236
5.369591499,3.615772471
5.685141546,5.114429908
2.93565101,3.022573289
2.111554824,1.990595775
4.828287217,3.986041934
4.789575179,6.708455899
4.827557851,4.532141691
2.36319748,2.344564552
2.36319748,2.344564552
4.827557851,5.591848825
5.011813631,3.035748827
3.635037741,3.324150324
4.828184184,5.809099401
4.987034273,4.210578029
-
4.737372288,6.83276835
2.111554824,1.917942344
5.369591499,3.615772471
3.635037741,3.324150324
4.828287217,6.168548236
4.789441299,3.986041934
2.93565101,3.022573289
2.111554824,1.990595775
5.011813631,3.035748827
4.987034273,4.210578029
4.827557851,5.591848825
4.828184184,5.809099401
5.654883241,5.114429908
2.858013058,2.523712784
2.93565101,2.770885239
4.789575179,6.708455899
4.828184184,4.996657774
2.320903329,2.154849606
2.36319748,2.344564552
4.827557851,4.532141691
-
4.737372288,6.83276835
2.111554824,1.917942344
3.635037741,3.670449416
2.858013058,2.523712784
2.320903329,2.154849606
2.36319748,2.344564552
3.635037741,3.324150324
4.827557851,4.532141691
2.111554824,1.990595775
2.93565101,3.022573289
4.828184184,4.996657774
4.789575179,6.708455899
4.827557851,5.591848825
5.654883241,5.114429908
4.828079768,5.809099401
2.93565101,2.770885239
4.789441299,3.986041934
4.828287217,6.168548236
2.93565101,2.774348082
5.011813631,3.035748827
-
4.737372288,6.83276835
2.111554824,1.917942344
4.789441299,3.986041934
2.858013058,2.523712784
2.320903329,2.154849606
2.36319748,2.344564552
4.825768237,6.168548236
4.827557851,4.532141691
3.635037741,3.324150324
4.827557851,5.591848825
3.279569212,3.22008184
5.36879249,5.114429908
3.635037741,3.670449416
2.93565101,2.770885239
4.789575179,6.708455899
4.165298843,3.670449416
5.121769099,4.620545228
2.111554824,1.990595775
2.93565101,3.022573289
2.93565101,2.774348082
-
4.737372288,6.83276835
2.111554824,1.917942344
2.858013058,2.523712784
5.273610236,5.114429908
4.789441299,3.986041934
4.827557851,4.532141691
4.825768237,6.168548236
3.279569212,3.22008184
4.789575179,6.708455899
3.635037741,3.670449416
2.320903329,2.154849606
2.36319748,2.344564552
4.825768237,6.025992769
2.93565101,2.770885239
3.635037741,3.324150324
5.121769099,4.620545228
3.667777623,3.986041934
2.111554824,1.990595775
4.827557851,5.591848825
2.93565101,3.022573289
-
4.737372288,6.83276835
2.111554824,1.917942344
2.858013058,2.523712784
2.93565101,2.770885239
2.347618154,2.344564552
5.273610236,5.114429908
2.320903329,2.154849606
2.93565101,3.022573289
4.827557851,5.591848825
4.825768237,6.168548236
3.279569212,3.22008184
5.189181162,4.348459041
5.121769099,4.620545228
4.789575179,6.708455899
3.635037741,3.324150324
4.825768237,6.025992769
3.517533221,3.588810299
3.635037741,3.670449416
2.111554824,2.004497517
4.789441299,3.986041934
-
4.737372288,6.83276835
2.111554824,1.917942344
2.320903329,2.154849606
2.93565101,3.022573289
5.189181162,4.348459041
3.279569212,3.22008184
4.825768237,6.025992769
2.858013058,2.523712784
2.93565101,2.770885239
3.635037741,3.670449416
4.789441299,3.986041934
4.737372288,6.695461235
5.273610236,5.114429908
5.121769099,4.620545228
4.825768237,6.168548236
2.347618154,2.344564552
2.858013058,2.523712784
2.347618154,2.344564552
3.593996012,3.324150324
3.943691352,4.116563986
-
4.737372288,6.83276835
2.111554824,1.917942344
2.93565101,2.770885239
5.273610236,5.114429908
2.320903329,2.154849606
4.825768237,6.025992769
3.635037741,3.670449416
5.121769099,4.620545228
2.93565101,3.022573289
2.320903329,2.014277467
5.189181162,4.348459041
4.825768237,6.168548236
2.858013058,2.523712784
3.593996012,3.324150324
4.825768237,3.821371913
4.783878211,5.114429908
4.737372288,6.695461235
2.347618154,2.344564552
2.999473084,2.448965104
3.635037741,3.118086787
-
4.737372288,6.83276835
2.111554824,1.917942344
2.93565101,2.770885239
4.79332737,3.821371913
5.189181162,5.943251494
4.816308085,5.114429908
2.347618154,2.344564552
5.189181162,4.348459041
4.825768237,6.168548236
4.737372288,6.695461235
2.858013058,2.523712784
3.635037741,3.670449416
3.593996012,3.324150324
2.320903329,2.154849606
5.273610236,4.694937096
2.784965622,2.448965104
3.635037741,3.118086787
2.93565101,3.022573289
4.783878211,5.114429908
2.320903329,2.154849606
-
4.737372288,6.83276835
2.111554824,1.917942344
5.189181162,4.348459041
5.189181162,5.943251494
4.816308085,5.114429908
2.347618154,2.344564552
5.273610236,4.694937096
2.111554824,1.917942344
2.320903329,2.154849606
4.79332737,3.821371913
2.93565101,2.770885239
2.858013058,2.523712784
3.340905175,3.355818729
3.635037741,3.670449416
4.825768237,6.168548236
4.737372288,6.695461235
2.320903329,2.154849606
2.784965622,2.448965104
2.93565101,2.770885239
2.93565101,3.022573289
-
2.111554824,1.917942344
4.662190209,6.852351363
2.242849081,2.165581393
2.870646563,2.770885239
3.340905175,3.355818729
4.899444645,5.552342178
4.816308085,5.114429908
5.273610236,4.694937096
2.347618154,2.344564552
2.858013058,2.523712784
2.111554824,1.917942344
4.825768237,6.168548236
5.189181162,4.348459041
4.79332737,3.821371913
3.38941198,3.022573289
4.737372288,6.695461235
2.93565101,3.022573289
3.635037741,3.603206402
2.784965622,2.448965104
5.189181162,5.943251494
-
2.111554824,1.917942344
4.662190209,6.852351363
2.242849081,2.165581393
2.870646563,2.770885239
3.635037741,3.603206402
2.347618154,2.344564552
2.858013058,2.523712784
2.111554824,1.917942344
4.825768237,6.168548236
5.189181162,4.348459041
4.79332737,3.821371913
4.737372288,6.695461235
3.581899933,3.15710344
2.93565101,3.022573289
2.784965622,2.448965104
4.899444645,5.552342178
4.816308085,5.114429908
3.340905175,3.355818729
4.406182122,5.943251494
4.816308085,5.114429908
-
2.111554824,1.917942344
4.662190209,6.852351363
4.79332737,3.821371913
2.93565101,3.022573289
2.347618154,2.344564552
3.635037741,3.603206402
2.347618154,2.089540728
5.189181162,4.348459041
3.581899933,3.15710344
4.737372288,6.695461235
4.899444645,4.696246014
2.870646563,2.770885239
2.858013058,2.523712784
4.753338243,5.809697236
2.111554824,1.917942344
4.825768237,6.168548236
2.784965622,2.448965104
2.242849081,2.165581393
2.93565101,2.786039824
4.516743557,5.43057201
-
2.111554824,1.917942344
4.662190209,6.852351363
3.635037741,3.603206402
3.581899933,3.15710344
4.899444645,4.696246014
2.347618154,2.344564552
4.135188761,5.235757941
2.347618154,2.089540728
2.242849081,2.165581393
5.243200836,4.230075447
4.737372288,6.695461235
4.516743557,5.43057201
2.870646563,2.770885239
2.858013058,2.523712784
4.716036227,3.843275761
2.111554824,1.917942344
4.825768237,6.168548236
2.93565101,3.022573289
5.189181162,4.348459041
2.784965622,2.448965104
-
2.111554824,1.917942344
5.112086064,6.852351363
3.633984962,3.603206402
3.581899933,3.15710344
2.85811358,2.770885239
4.516743557,5.43057201
4.825768237,6.168548236
2.858013058,2.523712784
5.243200836,4.230075447
4.716036227,3.843275761
2.111554824,1.917942344
2.347618154,2.089540728
4.737372288,6.695461235
4.825768237,6.168548236
2.347618154,2.344564552
2.242849081,2.165581393
4.899444645,4.696246014
4.135188761,5.235757941
2.93565101,3.022573289
4.716036227,3.843275761
-
2.111554824,1.917942344
5.112086064,6.852351363
4.824310521,6.168548236
3.633984962,3.603206402
4.516743557,5.43057201
3.581899933,3.15710344
2.858013058,2.523712784
2.85811358,2.770885239
2.347618154,2.089540728
4.899444645,4.696246014
4.570529382,5.039772009
5.243200836,4.230075447
4.716036227,3.843275761
2.111554824,1.917942344
4.737372288,6.695461235
5.243200836,4.230075447
2.347618154,2.344564552
2.347618154,2.344564552
2.242849081,2.165581393
2.93565101,3.022573289
-
2.111554824,1.917942344
5.112086064,6.852351363
3.581899933,3.15710344
2.858090284,2.770885239
4.716036227,3.843275761
4.516743557,5.43057201
4.899444645,4.696246014
2.93565101,3.022573289
4.824310521,6.168548236
3.633984962,3.603206402
2.347618154,2.089540728
2.242849081,2.165581393
2.858013058,2.523712784
5.243200836,4.230075447
2.111554824,1.917942344
4.677001748,6.695461235
4.824310521,6.168548236
5.243200836,4.230075447
2.93565101,2.479754285
2.347618154,2.344564552
-
2.111554824,1.917942344
5.112086064,6.852351363
4.516743557,5.43057201
3.633984962,3.603206402
4.716036227,3.843275761
4.516743557,5.918787313
3.581899933,3.15710344
4.899444645,4.696246014
2.858090284,2.770885239
2.858013058,2.523712784
5.243200836,4.230075447
4.677001748,6.695461235
2.111554824,1.917942344
2.347618154,2.089540728
4.824310521,6.168548236
4.899444645,4.696246014
5.243200836,4.230075447
2.242849081,2.165581393
2.347618154,2.344564552
2.858090284,2.770885239
-
2.111554824,1.917942344
5.112086064,6.852351363
3.581899933,3.15710344
2.858013058,2.523712784
4.496111978,2.901153382
3.633984962,3.603206402
2.347618154,2.344564552
4.677001748,6.695461235
2.858090284,2.770885239
3.917956655,4.069736396
2.111554824,1.917942344
2.347618154,2.089540728
4.735754796,6.303689332
4.899444645,4.696246014
5.243200836,4.230075447
2.78125744,2.39537662
2.242849081,2.165581393
4.958444113,5.012096658
4.553093058,3.780435068
2.858090284,2.774437968
-
2.111554824,1.917942344
5.112086064,6.852351363
6.21428412,5.577698776
3.581899933,3.15710344
4.958444113,5.012096658
5.243200836,4.230075447
3.633984962,3.603206402
2.347618154,2.089540728
2.242849081,2.165581393
2.347618154,2.344564552
4.553093058,3.780435068
3.917956655,4.069736396
4.735754796,6.303689332
4.677001748,6.695461235
3.458913502,2.544203476
2.111554824,1.917942344
4.899444645,4.696246014
2.78125744,2.39537662
2.858090284,2.770885239
4.496111978,2.901153382
-
5.112086064,6.852351363
1.977772768,1.5683951
2.111554824,1.917942344
3.458913502,2.544203476
4.958444113,5.012096658
6.21428412,5.577698776
4.723437771,6.303689332
6.21428412,5.577698776
4.553093058,3.780435068
3.917956655,4.069736396
2.347618154,2.089540728
4.899444645,3.355448255
5.243200836,4.230075447
3.633984962,3.603206402
3.634138109,2.965833082
2.858090284,2.770885239
4.899444645,4.696246014
2.78125744,2.39537662
4.594438118,4.509607285
2.111554824,1.917942344
-
5.112086064,6.852351363
1.977772768,1.5683951
4.723437771,6.303689332
3.098735261,2.965833082
2.347618154,2.089540728
4.899444645,3.355448255
2.111554824,1.917942344
4.663746896,5.630272777
2.858090284,2.770885239
2.419323684,2.394369481
3.458913502,2.544203476
4.633628086,5.559651313
4.324067621,4.230075447
3.633984962,3.603206402
4.594438118,4.509607285
4.594438118,5.054955188
2.111554824,1.917942344
3.917956655,4.069736396
4.553093058,3.780435068
2.364715939,2.5015326
-
1.977772768,1.5683951
4.723437771,6.993589969
4.723437771,6.303689332
3.098735261,2.965833082
2.111554824,1.917942344
4.899444645,3.355448255
2.347618154,2.089540728
2.419323684,2.394369481
5.112086064,6.852351363
4.663746896,5.630272777
3.458913502,2.544203476
4.633628086,5.559651313
4.594438118,4.509607285
4.594438118,5.054955188
4.594438118,5.054955188
2.347618154,2.089540728
2.111554824,1.917942344
2.858090284,2.770885239
2.858090284,2.770885239
4.324067621,4.230075447
-
1.977772768,1.5683951
4.723437771,6.993589969
4.899444645,3.355448255
2.111554824,1.770884972
3.098735261,2.965833082
4.663746896,5.630272777
5.908652071,3.926779287
2.238805252,2.226251164
4.723437771,6.303689332
4.594438118,4.509607285
3.458913502,2.544203476
4.663746896,6.669969177
4.594438118,5.054955188
2.419323684,2.394369481
4.633628086,3.651994387
4.633628086,5.559651313
4.594438118,5.110484717
4.261552442,4.230075447
2.111554824,1.917942344
2.347618154,2.089540728
-
1.977772768,1.5683951
4.723437771,6.993589969
3.098735261,2.965833082
4.723437771,6.303689332
2.111554824,1.770884972
4.899444645,3.355448255
2.111554824,1.917942344
2.419323684,2.394369481
3.458913502,2.544203476
4.663746896,5.630272777
2.347618154,2.089540728
5.908652071,3.926779287
2.238805252,2.226251164
4.327911096,4.931082672
4.594438118,4.509607285
4.723437771,5.231702133
4.633628086,3.651994387
4.261552442,4.230075447
4.723437771,3.396101566
3.458913502,2.544203476
-
1.977772768,1.5683951
4.723437771,6.993589969
4.723437771,6.303689332
4.663746896,5.630272777
3.098735261,2.965833082
2.111554824,1.770884972
4.633628086,3.651994387
3.458913502,2.544203476
2.347618154,2.089540728
5.908652071,3.926779287
4.723437771,6.993589969
4.261552442,4.230075447
1.977772768,1.5683951
3.550867808,3.185596715
2.111554824,1.922953099
4.899444645,3.355448255
4.327911096,4.931082672
4.594438118,4.509607285
4.723437771,3.396101566
3.666359437,3.090973874
-
1.977772768,1.5683951
4.723437771,6.993589969
3.368538666,2.544203476
4.663746896,5.630272777
4.327911096,4.931082672
2.347618154,2.089540728
3.098735261,2.965833082
2.111554824,1.770884972
4.633628086,3.651994387
2.111554824,1.922953099
4.723437771,6.303689332
4.723437771,6.993589969
4.674333548,6.303689332
1.977772768,1.5683951
4.594438118,4.509607285
3.550867808,3.185596715
5.908652071,3.926779287
2.347618154,2.089540728
4.899444645,3.355448255
4.723437771,3.396101566
-
1.977772768,1.5683951
5.30590724,6.993589969
3.368538666,2.544203476
4.663746896,5.630272777
3.098735261,2.965833082
4.327911096,4.931082672
2.347618154,2.089540728
2.111554824,1.770884972
2.111554824,1.922953099
4.674333548,6.303689332
4.723437771,6.694391035
4.633628086,3.651994387
4.179779957,4.463286978
1.977772768,1.5683951
5.908652071,3.926779287
5.908652071,3.926779287
2.347618154,2.089540728
4.538327623,3.355448255
4.594438118,4.509607285
3.550867808,3.185596715
-
1.977772768,1.5683951
5.30590724,6.993589969
4.327911096,4.931082672
3.368538666,2.544203476
2.347618154,2.089540728
4.674333548,6.303689332
3.098735261,2.965833082
2.111554824,1.770884972
4.633628086,3.651994387
4.537606793,3.355448255
4.642569849,2.581759239
4.663746896,5.630272777
3.550867808,3.185596715
4.663746896,5.630272777
2.111554824,1.922953099
4.179779957,4.463286978
1.977772768,1.5683951
4.594438118,4.509607285
5.908652071,3.926779287
5.908652071,3.926779287
-
1.977772768,1.5683951
5.30590724,6.993589969
2.347618154,2.089540728
4.674333548,6.303689332
3.368538666,2.539111471
3.098735261,2.965833082
2.111554824,1.770884972
4.605250485,3.651994387
2.111554824,1.922953099
4.537606793,3.355448255
4.611313821,2.581759239
4.327911096,4.931082672
4.663746896,5.630272777
3.550867808,3.185596715
4.694862701,5.630272777
4.179779957,4.463286978
1.977772768,1.5683951
4.594438118,4.509607285
5.908652071,3.926779287
5.908652071,3.926779287
-
1.977772768,1.5683951
5.30590724,6.993589969
3.092604862,2.539111471
2.347618154,2.089540728
2.111554824,1.922953099
4.537606793,3.355448255
4.635807574,4.931082672
3.550867808,3.185596715
5.30590724,6.993589969
4.674333548,6.303689332
4.663746896,5.630272777
3.098735261,2.965833082
4.663746896,5.802303301
3.550867808,2.793946946
4.179779957,4.463286978
1.977772768,1.5683951
2.111554824,1.770884972
4.301844002,2.581759239
4.594438118,4.509607285
4.674333548,6.303689332
-
5.30590724,6.993589969
1.932505604,1.5683951
2.347618154,2.089540728
3.973400923,4.106693342
3.092604862,2.539111471
4.537606793,3.355448255
2.111554824,1.770884972
4.663746896,5.630272777
4.635807574,4.931082672
2.111554824,1.922953099
3.098735261,2.965833082
4.663746896,5.802303301
5.236684603,6.368924707
4.607611362,6.993589969
3.550867808,2.793946946
4.301844002,2.581759239
3.550867808,3.185596715
4.272145398,4.463286978
4.674333548,6.303689332
4.635807574,4.827558129
-
5.30590724,6.993589969
1.932505604,1.5683951
2.347618154,2.089540728
3.973400923,4.106693342
4.537606793,3.355448255
3.092604862,2.539111471
2.111554824,1.922953099
4.635807574,5.406842544
3.098735261,2.965833082
4.674333548,6.303689332
4.663746896,5.802303301
4.635807574,4.931082672
2.111554824,1.770884972
4.635807574,4.827558129
3.092604862,2.741064418
4.272145398,4.463286978
4.272145398,4.463286978
3.550867808,2.793946946
3.550867808,3.185596715
3.72619237,2.551232112
-
5.30590724,6.993589969
1.932505604,1.5683951
3.973400923,4.106693342
2.347618154,2.089540728
3.550867808,3.385615434
3.72619237,2.365237869
2.111554824,1.770884972
2.111554824,1.922953099
4.635807574,6.369412987
4.663746896,5.802303301
3.550867808,3.185596715
4.635807574,4.827558129
4.635807574,5.406842544
4.674333548,6.303689332
4.635807574,5.102966111
4.272145398,4.463286978
4.272145398,4.463286978
3.098735261,2.965833082
4.663746896,5.612766813
3.092604862,2.539111471
-
5.30590724,6.993589969
1.932505604,1.5683951
3.550867808,3.385615434
3.098735261,2.965833082
3.092604862,2.539111471
3.57166175,2.365237869
3.973400923,4.106693342
2.347618154,2.089540728
3.550867808,3.185596715
4.635807574,6.369412987
2.111554824,1.770884972
4.663746896,5.802303301
4.674333548,6.303689332
3.973400923,4.106693342
4.272145398,4.463286978
2.347618154,2.089540728
2.111554824,1.922953099
5.019847101,4.708439081
2.111554824,1.770884972
2.111554824,1.922953099
-
5.30590724,6.993589969
1.932505604,1.5683951
5.019847101,5.288163983
4.340742766,3.795921945
3.098735261,2.965833082
5.019847101,4.708439081
3.701130829,2.54808997
2.964835146,2.356734367
4.635807574,6.369412987
3.550867808,3.385615434
5.30590724,6.993589969
2.347618154,2.089540728
4.663746896,5.802303301
1.932505604,1.5683951
2.111554824,1.770884972
3.550867808,3.185596715
4.635807574,5.910519442
3.973400923,4.106693342
4.272145398,4.463286978
2.347618154,2.089540728
-
5.30590724,6.993589969
1.932505604,1.5683951
2.964835146,2.356734367
3.701130829,2.54808997
4.340742766,3.795921945
3.550867808,3.385615434
4.635807574,6.369412987
2.347618154,2.089540728
2.111554824,1.770884972
5.019847101,5.288163983
4.159102997,4.106693342
3.200427296,2.891144588
5.30590724,6.785988311
2.347618154,2.089540728
5.019847101,4.708439081
5.880512005,4.948327827
4.635807574,5.910519442
1.932505604,1.5683951
2.111554824,1.770884972
3.098735261,2.965833082
-
5.30590724,6.993589969
1.932505604,1.5683951
3.701130829,2.54808997
4.635807574,6.369412987
2.111554824,1.774432256
2.347618154,2.089540728
3.098735261,2.992481008
5.019847101,4.637117498
3.550867808,3.385615434
2.964835146,2.356734367
2.347618154,2.089540728
4.106985031,4.12674105
4.340742766,3.795921945
3.550867808,3.385615434
3.250416465,2.871124157
5.019847101,5.288163983
4.635807574,5.910519442
1.932505604,1.5683951
2.111554824,1.770884972
2.964835146,2.356734367
-
5.30590724,6.993589969
1.932505604,1.5683951
5.019847101,5.288163983
2.881459536,2.356734367
4.635807574,5.910519442
5.019847101,4.637117498
3.055993937,2.992481008
2.111554824,1.774432256
2.347618154,2.089540728
3.701130829,2.54808997
4.106985031,4.12674105
4.635807574,6.369412987
3.550867808,3.385615434
2.111554824,2.164811226
5.019847101,4.367862281
5.30590724,3.484198069
4.106985031,2.696931567
2.111554824,1.770884972
1.932505604,1.5683951
4.415908135,6.317330863
-
5.30590724,6.993589969
1.932505604,1.5683951
4.106985031,4.12674105
5.019847101,4.637117498
2.347618154,2.089540728
2.111554824,1.774432256
3.701130829,2.54808997
5.30590724,3.484198069
4.635807574,6.369412987
5.019847101,5.288163983
3.055993937,2.992481008
3.550867808,3.385615434
5.30590724,6.993589969
4.576693985,5.910519442
5.019847101,5.288163983
1.932505604,1.5683951
2.111554824,1.770884972
2.881459536,2.356734367
2.111554824,2.164811226
2.881459536,2.356734367
-
5.30590724,6.993589969
1.932505604,1.5683951
3.055993937,2.992481008
4.970259959,4.637117498
3.701130829,2.54808997
5.30590724,3.484198069
3.550867808,3.385615434
2.575260405,2.356734367
2.111554824,1.780622803
2.347618154,2.085537273
4.635807574,6.369412987
4.106985031,4.12674105
5.019847101,5.288163983
5.30590724,6.993589969
4.143731896,4.12674105
2.419571825,2.164811226
5.019847101,5.300459616
4.576693985,5.910519442
1.932505604,1.5683951
2.111554824,1.770884972
-
5.30590724,6.993589969
1.932505604,1.5683951
3.701130829,2.54808997
5.30590724,3.484198069
2.111554824,1.890256505
3.055993937,2.992481008
4.106985031,4.12674105
4.576693985,5.910519442
5.143056348,5.125437964
3.701130829,3.170105332
5.30590724,6.993589969
4.635807574,6.369412987
4.970259959,4.637117498
4.143731896,4.12674105
2.111554824,1.770884972
1.932505604,1.5683951
4.970259959,4.637117498
2.347618154,2.085537273
2.575260405,2.356734367
4.635807574,6.369412987
-
5.30590724,6.99358997
1.9325056,1.699337236
3.05599394,2.63798069
2.5752604,2.35673437
2.34761815,2.08553727
3.05599394,2.99248101
2.11155482,1.8902565
5.30590724,3.48419807
3.70113083,3.69264723
4.57669399,5.91051944
4.755093529,6.99358997
3.70113083,3.17010533
4.63580757,6.36941299
4.488637339,4.6371175
4.623519329,4.12674105
4.10698503,4.12674105
2.11155482,1.77088497
5.14305635,5.12543796
4.97025996,4.6371175
4.63580757,6.36941299
-
1.9325056,1.699337236
5.30590724,6.99358997
3.05599394,2.63798069
2.5752604,2.35673437
5.14305635,5.12543796
4.57669399,5.84033255
3.05599394,2.99248101
4.541558037,3.300771409
2.34761815,2.08553727
4.582818388,6.684522361
4.623519329,4.12674105
4.488637339,4.6371175
5.14305635,3.893139616
2.11155482,1.77088497
2.11155482,1.8902565
2.34761815,2.08553727
4.57669399,5.91051944
3.70113083,3.609464212
5.006683733,4.6371175
3.70113083,3.69264723
-
1.9325056,1.699337236
5.30590724,6.99358997
4.582818388,6.684522361
4.57669399,5.91051944
4.623519329,4.12674105
3.05599394,2.63798069
3.05599394,2.99248101
2.34761815,2.086393471
2.5752604,2.35673437
3.05599394,2.63798069
2.5752604,2.35673437
3.05599394,2.99248101
4.541558037,3.300771409
5.14305635,3.893139616
4.488637339,4.6371175
2.11155482,1.77088497
2.11155482,1.8902565
2.34761815,2.08553727
3.70113083,3.609464212
4.485138003,5.159460823
-
1.9325056,1.699337236
5.30590724,6.99358997
4.57669399,5.91051944
4.488637339,4.6371175
4.541558037,3.300771409
2.11155482,1.8902565
4.582818388,6.684522361
4.582818388,5.495958644
5.14305635,3.893139616
2.613244779,2.757440526
2.34761815,2.086393471
2.5752604,2.35673437
5.14305635,3.008124507
3.05599394,2.99248101
4.541558037,4.182724148
2.34761815,2.457748624
2.11155482,1.77088497
2.229016339,2.08553727
4.485138003,5.159460823
3.019717812,2.592977092
-
1.9325056,1.699337236
5.30590724,6.99358997
4.541558037,3.300771409
5.14305635,3.893139616
4.485138003,5.159460823
4.582818388,6.684522361
4.582818388,5.495958644
4.543955093,5.96412562
2.5752604,2.35673437
2.34761815,2.086393471
3.019717812,2.592977092
3.019717812,3.131651342
3.05599394,2.99248101
2.613244779,2.757440526
4.488637339,4.6371175
2.11155482,1.8902565
2.229016339,2.08553727
4.57669399,5.91051944
4.541558037,3.300771409
2.34761815,2.457748624
-
1.9325056,1.699337236
5.30590724,6.99358997
4.488637339,4.6371175
2.11155482,1.8902565
5.14305635,3.893139616
3.019717812,2.678491113
4.582818388,6.533548758
2.5752604,2.35673437
2.34761815,2.086393471
5.14305635,3.451777323
3.019717812,2.592977092
4.541558037,3.741920475
4.543955093,5.96412562
3.05599394,2.99248101
2.34761815,2.457748624
4.582818388,5.495958644
1.9325056,1.699337236
2.229016339,2.08553727
4.485138003,5.092217267
4.582818388,6.684522361
-
1.9325056,1.699337236
5.30590724,6.99358997
3.05599394,2.99248101
5.14305635,3.893139616
4.543955093,5.96412562
4.582818388,3.274849705
4.582818388,5.495958644
4.488637339,4.6371175
2.5752604,2.35673437
3.019717812,2.678491113
4.582818388,6.533548758
2.34761815,2.086393471
3.019717812,2.592977092
2.34761815,2.457748624
1.9325056,1.710928781
2.229016339,2.077456269
4.541558037,3.741920475
2.11155482,1.8902565
2.11155482,1.8902565
4.488637339,4.6371175
-
1.9325056,1.699337236
5.30590724,6.99358997
3.05599394,2.99248101
4.582818388,6.533548758
4.541558037,3.741920475
4.582818388,5.495958644
4.488637339,4.6371175
5.315354697,3.90310731
3.010087325,2.678491113
4.488637339,4.6371175
2.34761815,2.086393471
4.582818388,3.274849705
2.5752604,2.35673437
4.582818388,3.274849705
4.543955093,5.96412562
1.94678327,1.719186493
2.216279297,2.072365705
2.11155482,1.8902565
2.11155482,1.8902565
4.543955093,5.96412562
-
1.9325056,1.699337236
5.30590724,6.99358997
3.010087325,2.678491113
4.582818388,5.495958644
4.541558037,3.741920475
4.488637339,4.6371175
4.488637339,4.6371175
5.315354697,3.90310731
2.5752604,2.35673437
4.582818388,3.274849705
2.34761815,2.086393471
2.5752604,2.35673437
3.05599394,2.99248101
4.559305086,3.07588264
4.582818388,6.533548758
4.543955093,5.96412562
5.30590724,6.99358997
4.582818388,6.533548758
2.216279297,2.072365705
2.11155482,1.8902565
-
1.9325056,1.699337236
5.30590724,6.99358997
4.582818388,5.495958644
3.010087325,2.678491113
4.541558037,3.741920475
4.488637339,4.6371175
3.05599394,2.99248101
4.495518745,3.952792218
4.534658694,4.421950688
2.5752604,2.35673437
4.582818388,3.302153931
2.34761815,2.086393471
2.5752604,2.33950305
4.559305086,3.07588264
5.018859044,6.212081763
2.039680251,1.8902565
2.216279297,2.072365705
2.11155482,1.8902565
4.543955093,5.96412562
4.582818388,6.895051764
-
1.9325056,1.699337236
5.30590724,6.99358997
4.230699371,3.302153931
4.488637339,4.6371175
4.541558037,3.741920475
4.539116965,5.438837959
2.5752604,2.35673437
3.010087325,2.678491113
2.34761815,2.086393471
2.5752604,2.33950305
5.018859044,6.212081763
4.582818388,6.895051764
3.228323613,3.07588264
3.05599394,2.99248101
3.010087325,2.678491113
4.688512991,4.006768145
2.039680251,1.8902565
2.216279297,2.072365705
2.11155482,1.8902565
4.534658694,4.421950688
-
1.9325056,1.699337236
5.30590724,6.99358997
4.230699371,3.302153931
4.488637339,4.6371175
4.539116965,5.438837959
4.582818388,6.125042625
2.5752604,2.35673437
3.010087325,2.678491113
5.018859044,6.212081763
4.540905001,5.438837959
4.230699371,3.741429089
5.018859044,6.837429879
2.34761815,2.224700109
3.05599394,2.99248101
3.010087325,2.678491113
2.039680251,1.8902565
1.9325056,1.699337236
2.216279297,2.072365705
2.11155482,1.8902565
4.534658694,4.421950688
-
1.9325056,1.699337236
5.30590724,6.99358997
4.230699371,3.741429089
4.534658694,4.421950688
4.540905001,5.107438463
2.5752604,2.35673437
3.010087325,2.678491113
4.540905001,5.438837959
4.582818388,6.125042625
4.230699371,3.302153931
3.05599394,2.99248101
4.230699371,3.302153931
5.018859044,6.37863115
3.05599394,2.99248101
3.010087325,2.678491113
5.018859044,6.837429879
2.039680251,1.8902565
1.9325056,1.699337236
2.11155482,1.8902565
2.216279297,2.072365705
-
1.9325056,1.699337236
5.30590724,6.99358997
2.5752604,2.35673437
4.540905001,5.107438463
4.534658694,4.406129213
4.230699371,3.753721596
3.010087325,2.678491113
4.534658694,4.421950688
4.582818388,6.125042625
5.018859044,6.37863115
2.216279297,2.072365705
4.582818388,5.67021606
4.230699371,3.579966184
5.018859044,6.837429879
4.340601771,3.013882748
3.05599394,2.99248101
3.010087325,2.678491113
4.540905001,5.438837959
1.9325056,1.699337236
2.039680251,1.8902565
-
1.9325056,1.699337236
5.30590724,6.99358997
2.5752604,2.35673437
2.216279297,2.072365705
4.540905001,5.107438463
1.955829403,1.8902565
3.736859804,3.290984419
4.534658694,4.109035527
3.010087325,2.678491113
4.534658694,4.421950688
4.230699371,3.579966184
4.230699371,3.753721596
3.010087325,2.989733462
3.010087325,2.678491113
4.540905001,5.438837959
4.102994594,3.013882748
1.9325056,1.699337236
5.018859044,6.837429879
6.169586437,5.67021606
5.420381916,6.482885598
-
1.9325056,1.699337236
5.30590724,6.99358997
4.534658694,4.421950688
4.540905001,5.107438463
1.955829403,1.8902565
4.534658694,4.109035527
3.736859804,3.290984419
6.169586437,5.67021606
5.420381916,6.482885598
2.5752604,2.35673437
3.010087325,2.678491113
2.5752604,2.35673437
2.216279297,2.072365705
4.540905001,5.438837959
3.010087325,2.989733462
3.010087325,2.678491113
1.9325056,1.699337236
2.216279297,2.072365705
4.230699371,3.579966184
4.230699371,3.753721596
-
1.9325056,1.699337236
5.30590724,6.99358997
5.420381916,6.482885598
6.169586437,5.67021606
4.534658694,4.421950688
3.736859804,3.290984419
3.010087325,2.989733462
3.010087325,2.498922709
2.5752604,2.322427485
4.53903149,5.107438463
4.540905001,5.438837959
2.216279297,2.072365705
3.010087325,2.715151252
3.010087325,3.175932594
1.9325056,1.699337236
1.955829403,1.8902565
1.955829403,1.8902565
2.216279297,2.072365705
4.230699371,3.579966184
4.534658694,4.109035527
-
1.9325056,1.699337236
5.30590724,6.99358997
5.420381916,6.482885598
6.169586437,5.67021606
4.534658694,4.421950688
3.010087325,2.715151252
3.736859804,3.290984419
4.230699371,3.579966184
4.53903149,5.107438463
4.534658694,4.109035527
2.5752604,2.322427485
2.216279297,2.072365705
3.010087325,3.175932594
1.9325056,1.699337236
1.955829403,1.8902565
3.010087325,2.989733462
2.216279297,2.072365705
1.955829403,1.8902565
5.30590724,6.99358997
3.010087325,2.498922709
-
1.9325056,1.699337236
5.30590724,6.99358997
6.169586437,5.67021606
5.420381916,6.482885598
3.634323694,3.626139846
4.53903149,5.107438463
1.9325056,1.903710188
3.010087325,2.715151252
3.010087325,2.498922709
3.736859804,3.290984419
5.420381916,3.98585877
4.537469069,4.739590676
2.317030692,2.322427485
2.216279297,2.072365705
1.9325056,1.699337236
3.010087325,2.989733462
6.169586437,6.856505881
2.216279297,2.072365705
2.5752604,2.322427485
4.534658694,4.109035527
-
1.9325056,1.699337236
5.30590724,6.99358997
6.169586437,5.67021606
5.420381916,6.482885598
2.186722719,2.072365705
3.736859804,3.290984419
4.53903149,5.107438463
1.9325056,1.903710188
3.010087325,2.715151252
2.347096544,2.322427485
3.634323694,3.626139846
5.119169119,4.666723661
4.534658694,4.109035527
5.420381916,3.816212576
3.010087325,2.498922709
3.010087325,2.989733462
1.9325056,1.699337236
3.010087325,2.989733462
3.010087325,2.435380835
6.169586437,6.856505881
-
1.9325056,1.699337236
5.30590724,6.99358997
1.9325056,1.903710188
4.53903149,5.107438463
6.169586437,5.67021606
5.420381916,6.482885598
3.010087325,2.715151252
6.169586437,5.67021606
2.347096544,2.201814723
4.53903149,4.55841063
2.347096544,2.322427485
3.736859804,3.290984419
3.010087325,2.989733462
1.9325056,1.699337236
3.634323694,3.626139846
4.534658694,4.109035527
3.010087325,2.844060616
3.736859804,3.290984419
6.169586437,6.856505881
2.186722719,2.072365705
-
1.9325056,1.699337236
5.30590724,6.99358997
1.9325056,1.903710188
2.347096544,2.322427485
2.186722719,2.072365705
6.169586437,6.419444188
6.169586437,5.67021606
3.634323694,3.626139846
5.610345267,4.008684368
3.212395539,2.551816956
2.347096544,2.201814723
4.53903149,4.55841063
3.736859804,3.290984419
3.010087325,2.989733462
4.335651803,5.107438463
1.9325056,1.699337236
5.30590724,5.445418255
3.010087325,2.844060616
4.138076813,4.55841063
3.534950169,3.594368857
-
1.9325056,1.699337236
5.30590724,6.99358997
6.169586437,6.419444188
6.169586437,5.67021606
3.736859804,3.290984419
2.347096544,2.322427485
3.010087325,2.844060616
3.010087325,2.989733462
1.9325056,1.903710188
4.335651803,5.107438463
3.634323694,4.095433193
2.347096544,2.201814723
4.53903149,4.55841063
3.212395539,2.551816956
3.212395539,2.551816956
3.634323694,3.626139846
1.9325056,1.699337236
4.138076813,4.55841063
2.186722719,2.072365705
5.30590724,5.445418255
-
1.9325056,1.699337236
5.30590724,6.99358997
3.736859804,3.290984419
3.634323694,4.095433193
1.9325056,1.903710188
4.335651803,5.107438463
6.169586437,6.419444188
6.169586437,5.67021606
4.138076813,4.55841063
3.010087325,2.844060616
3.010087325,2.989733462
2.347096544,2.201814723
3.171655327,2.34483343
3.212395539,2.551816956
1.9325056,1.699337236
4.53903149,4.55841063
4.138076813,3.656606669
3.634323694,3.626139846
5.30590724,6.99358997
6.169586437,6.419444188
-
1.9325056,1.699337236
5.30590724,6.99358997
3.033780759,2.551816956
3.736859804,3.290984419
3.634323694,4.095433193
3.010087325,2.844060616
3.171655327,2.34483343
1.9325056,1.903710188
2.347096544,2.201814723
6.169586437,5.124825173
6.169586437,5.67021606
6.164161808,5.827857187
3.727725211,4.466974794
4.332872579,6.508363304
3.010087325,2.989733462
1.9325056,1.699337236
1.9325056,1.903710188
5.673818996,4.55841063
4.138076813,3.656606669
4.496683785,3.519015306
-
5.30590724,6.99358997
1.9325056,1.656462949
2.347096544,2.201814723
5.30590724,6.326055155
5.673818996,4.55841063
6.169586437,5.124825173
1.9325056,1.903710188
3.727725211,4.466974794
3.010087325,2.989733462
3.010087325,2.844060616
3.634323694,4.095433193
3.033780759,2.618212667
3.033780759,2.551816956
3.736859804,3.228224152
1.9325056,1.699337236
1.9325056,1.903710188
6.169586437,5.417422973
3.736859804,3.290984419
6.164161808,5.827857187
4.332872579,3.772505801
-
5.30590724,6.99358997
1.9325056,1.656462949
2.347096544,2.201814723
5.30590724,6.326055155
4.332872579,3.772505801
5.554827436,4.55841063
3.033780759,2.551816956
6.164161808,5.827857187
1.9325056,1.903710188
5.19537113,4.271028832
3.736859804,3.290984419
6.169586437,5.124825173
3.010087325,2.844060616
1.9325056,1.710343457
1.9325056,1.893590881
3.010087325,2.989733462
3.010087325,3.157782374
3.010087325,2.678929351
6.169586437,5.417422973
3.634323694,4.095433193
-
5.30590724,6.99358997
1.9325056,1.656462949
3.010087325,2.478530159
6.164161808,5.827857187
2.347096544,2.201814723
1.9325056,1.903710188
4.332872579,3.772505801
3.736859804,3.290984419
2.347096544,2.201814723
6.027439644,6.667244257
1.9325056,1.710343457
5.554827436,4.55841063
6.169586437,5.124825173
3.010087325,2.844060616
3.010087325,2.678929351
1.9325056,1.893590881
3.010087325,3.157782374
5.30590724,6.326055155
3.033780759,2.551816956
6.169586437,5.417422973
-
5.30590724,6.99358997
1.9325056,1.656462949
5.554827436,4.55841063
3.736859804,3.290984419
4.985500666,3.852894262
4.332872579,3.772505801
3.010087325,2.478530159
6.164161808,5.827857187
3.033780759,3.152156188
3.010087325,2.844060616
1.9325056,1.903710188
2.347096544,2.201814723
2.347096544,2.201814723
6.027439644,6.667244257
1.9325056,1.710343457
3.010087325,2.678929351
6.169586437,5.124825173
1.9325056,1.893590881
6.169586437,5.417422973
5.30590724,6.326055155
-
5.30590724,6.99358997
1.9325056,1.656462949
5.554827436,4.55841063
3.010087325,2.478530159
3.736859804,3.290984419
3.972763978,4.098783562
6.169586437,5.124825173
4.332872579,3.772505801
1.9325056,1.903710188
6.164161808,5.827857187
2.347096544,2.201814723
2.347096544,2.201814723
1.9325056,1.893590881
3.033780759,3.152156188
3.010087325,2.844060616
1.9325056,1.710343457
5.30590724,6.285900785
6.169586437,5.417422973
5.30590724,6.326055155
3.010087325,2.678929351
-
5.30590724,6.99358997
1.9325056,1.656462949
3.010087325,2.478530159
6.169586437,5.124825173
4.332872579,3.772505801
3.033780759,3.152156188
1.9325056,1.903710188
2.347096544,2.201814723
3.736859804,3.389839781
3.010087325,2.678929351
5.30590724,6.326055155
2.347096544,2.201814723
5.30590724,6.99358997
4.085921702,4.55841063
6.164161808,4.579173401
3.972763978,4.098783562
6.164161808,5.827857187
1.9325056,1.893590881
3.010087325,2.844060616
1.9325056,1.710343457
-
5.30590724,6.99358997
1.9325056,1.656462949
1.917164553,1.903710188
3.010087325,2.478530159
6.169586437,5.124825173
4.332872579,3.772505801
2.347096544,2.201814723
4.758276893,5.672394422
2.347096544,2.201814723
5.30590724,6.99358997
5.30590724,6.326055155
3.736859804,3.389839781
6.164161808,4.579173401
4.085921702,4.55841063
1.9325056,1.710343457
6.141132407,4.040630277
3.033780759,3.152156188
3.010087325,2.844060616
3.033780759,3.152156188
3.736859804,3.389839781
-
1.9325056,1.656462949
4.963120586,6.99358997
3.010087325,2.844060616
4.332872579,3.772505801
6.169586437,5.124825173
3.566900925,3.13785277
1.917164553,1.903710188
2.347096544,2.201814723
3.010087325,2.478530159
4.758276893,5.672394422
5.30590724,6.326055155
3.010087325,2.478530159
2.347096544,2.201814723
5.30590724,6.326055155
5.870627081,4.601062191
3.736859804,3.389839781
1.917164553,1.903710188
1.9325056,1.710343457
6.141132407,4.040630277
4.758276893,5.672394422
-
1.9325056,1.656462949
4.963120586,6.99358997
3.010087325,2.844060616
4.332872579,3.772505801
2.347096544,1.93459274
3.010087325,2.478530159
4.758276893,5.672394422
5.30590724,6.326055155
2.347096544,2.201814723
3.010087325,2.478530159
2.347096544,2.201814723
5.356915076,6.703145938
1.923335937,1.7311543
5.870627081,4.601062191
6.141132407,4.040630277
4.332872579,3.451116211
3.566900925,3.13785277
4.758276893,4.797235351
6.141132407,4.040630277
1.926334783,1.883585372
-
1.9325056,1.656462949
4.963120586,6.99358997
3.010087325,2.844060616
4.332872579,3.451116211
2.843881095,2.478530159
4.759038868,4.797235351
4.758276893,5.672394422
2.644349928,2.670578911
4.332872579,3.772505801
4.388641364,5.957828639
2.186919213,2.301625026
2.513254534,2.11797744
2.347096544,1.93459274
3.550400008,3.13785277
5.356915076,6.703145938
1.923335937,1.7311543
6.471927392,4.286477908
1.926334783,1.883585372
3.340552392,3.198847638
4.681468876,3.952337057
-
1.9325056,1.656462949
4.963120586,6.99358997
4.388641364,5.957828639
6.471927392,4.286477908
6.063274482,5.460491095
5.356915076,6.703145938
4.681468876,3.952337057
4.759038868,4.797235351
4.332872579,3.772505801
1.926334783,1.883585372
2.186919213,2.301625026
3.010087325,2.844060616
3.550400008,3.13785277
3.340552392,3.198847638
2.843881095,2.478530159
2.513254534,2.11797744
2.347096544,1.93459274
4.332872579,3.451116211
4.332872579,3.451116211
4.759038868,4.797235351
-
1.9325056,1.656462949
4.963120586,6.99358997
3.010087325,2.844060616
4.388641364,5.957828639
6.063274482,5.460491095
5.285423216,6.703145938
6.471927392,4.286477908
2.186919213,2.301625026
1.926334783,1.883585372
4.759038868,4.797235351
2.843881095,2.478530159
4.332872579,3.772505801
3.340552392,3.146867615
1.9325056,1.656462949
3.340552392,3.198847638
2.843881095,2.478530159
4.681468876,3.952337057
2.513254534,2.11797744
2.347096544,1.93459274
4.332872579,3.451116211
-
1.9325056,1.656462949
4.963120586,6.99358997
4.759038868,4.797235351
4.388641364,5.957828639
5.285423216,6.703145938
1.926334783,1.883585372
6.063274482,5.460491095
2.645205166,2.685710416
3.340552392,3.146867615
1.9325056,1.656462949
2.513254534,2.11797744
3.010087325,2.844060616
3.340552392,2.333178307
6.068539391,3.989238605
6.471927392,4.286477908
3.340552392,3.198847638
2.186919213,2.301625026
2.347096544,1.93459274
4.54214321,3.395354356
4.332872579,3.772505801
-
1.9325056,1.656462949
4.963120586,6.99358997
4.718638208,5.483540483
5.285423216,6.703145938
3.340552392,2.333178307
3.010087325,2.844060616
4.409931929,5.975854429
4.759038868,4.797235351
1.926334783,1.883585372
5.733176522,3.989238605
2.513254534,2.11797744
6.471927392,4.286477908
2.645205166,2.685710416
2.347096544,1.93459274
3.340552392,3.146867615
1.9325056,1.656462949
2.186919213,2.301625026
4.54214321,3.395354356
4.332872579,3.772505801
3.340552392,3.198847638
-
1.9325056,1.656462949
4.963120586,6.99358997
4.718638208,5.483540483
2.513254534,2.11797744
2.962115957,2.333178307
3.010087325,2.844060616
4.759038868,4.797235351
5.285423216,6.703145938
1.926334783,1.883585372
4.784014954,6.009405277
3.074006216,2.519656259
2.347096544,1.93459274
3.340552392,3.146867615
2.645205166,2.685710416
1.9325056,1.656462949
4.409931929,5.975854429
6.471927392,4.286477908
4.332872579,3.59101959
4.332872579,3.772505801
4.382292018,4.67149812
-
1.9325056,1.656462949
4.963120586,6.99358997
2.513254534,2.11797744
2.962115957,2.333178307
4.352473951,4.286477908
4.332872579,3.772505801
4.718638208,5.483540483
1.926334783,1.883585372
4.382292018,3.40903856
5.285423216,6.703145938
5.299533883,6.224227399
3.340552392,3.146867615
2.347096544,1.93459274
3.010087325,2.844060616
1.9325056,1.656462949
4.736481591,5.094957291
4.409931929,5.975854429
4.332872579,3.59101959
3.074006216,2.519656259
6.165389253,4.444607932
-
1.9325056,1.656462949
4.963120586,6.99358997
3.010087325,2.844060616
3.074006216,2.519656259
2.513254534,2.11797744
2.673557441,2.333178307
4.332872579,3.772505801
4.352473951,4.286477908
1.926334783,1.883585372
4.409931929,5.975854429
4.348459077,4.528163111
2.347096544,1.93459274
4.462403411,5.08188402
1.9325056,1.656462949
3.340552392,3.146867615
4.382292018,3.40903856
3.340552392,3.146867615
4.718638208,5.483540483
5.285423216,6.703145938
5.299533883,6.224227399
-
1.9325056,1.656462949
4.963120586,6.99358997
4.332872579,3.772505801
4.462403411,5.08188402
4.337095957,4.286477908
3.074006216,2.519656259
3.010087325,2.844060616
1.926334783,1.883585372
4.409931929,5.975854429
1.9325056,1.656462949
4.348459077,4.528163111
3.010087325,2.958820753
2.513254534,2.11797744
2.673557441,2.333178307
4.382292018,3.40903856
3.340552392,3.146867615
4.382292018,3.40903856
2.513254534,2.11797744
2.347096544,1.93459274
5.179060289,5.54035604
-
1.9325056,1.656462949
4.963120586,6.99358997
4.409931929,5.975854429
4.322087982,3.772505801
4.963120586,6.99358997
5.179060289,5.54035604
3.074006216,2.519656259
3.010087325,2.844060616
4.337095957,4.286477908
1.9325056,1.656462949
1.926334783,1.883585372
2.21083387,1.93459274
4.348459077,4.528163111
4.462403411,5.08188402
2.673557441,2.333178307
3.010087325,2.958820753
4.472942257,5.08188402
2.513254534,2.11797744
4.382292018,3.40903856
4.382292018,3.40903856
-
1.9325056,1.656462949
4.963120586,6.99358997
2.513254534,2.11797744
4.337095957,4.286477908
3.010087325,2.958820753
4.382292018,3.40903856
4.348459077,4.528163111
5.179060289,5.54035604
4.981453087,5.880605166
1.926334783,1.883585372
2.184101694,1.93459274
3.074006216,2.519656259
3.010087325,2.844060616
4.322087982,3.772505801
4.433090163,6.449397748
1.9325056,1.656462949
4.462403411,5.08188402
5.159916751,6.492821017
4.472942257,5.08188402
2.673557441,2.333178307
-
1.9325056,1.656462949
4.963120586,6.99358997
4.382292018,3.40903856
3.010087325,2.958820753
4.337095957,4.286477908
2.513254534,2.11797744
1.926334783,1.883585372
2.673557441,2.333178307
3.074006216,2.519656259
3.010087325,2.844060616
4.322087982,3.772505801
1.9325056,1.656462949
4.981453087,5.880605166
5.25209677,4.528163111
2.673557441,2.229608631
4.511747473,6.188510625
4.462403411,5.08188402
4.322087982,3.772505801
2.184101694,1.93459274
5.159916751,6.492821017
-
1.9325056,1.656462949
4.963120586,6.99358997
3.010087325,2.958820753
4.272965163,3.772505801
4.382292018,3.40903856
4.981453087,5.831914589
4.510690567,5.08188402
4.337095957,4.286477908
1.9325056,1.656462949
1.926334783,1.883585372
3.074006216,2.519656259
5.25209677,4.528163111
4.462403411,5.08188402
3.039059028,2.590769019
3.761743874,3.500024404
3.04503594,2.773527738
2.513254534,2.11797744
2.184101694,1.93459274
5.159916751,6.492821017
2.673557441,2.333178307
-
1.9325056,1.656462949
4.963120586,6.99358997
4.981453087,5.831914589
5.159916751,6.492821017
4.272965163,3.772505801
2.673557441,2.333178307
4.272965163,3.124366124
4.510690567,5.08188402
2.513254534,2.11797744
3.010087325,2.958820753
4.337095957,4.286477908
1.9325056,1.656462949
1.926334783,1.883585372
4.382292018,3.40903856
3.039059028,2.590769019
2.178856948,2.032654313
4.382292018,4.664880625
4.963120586,6.99358997
4.462403411,5.08188402
3.074006216,2.519656259
-
1.9325056,1.656462949
4.963120586,6.99358997
4.272965163,3.772505801
5.046560348,6.492821017
4.337095957,4.286477908
1.926334783,1.883585372
4.382292018,3.40903856
4.382292018,4.664880625
4.981453087,5.831914589
4.510690567,5.08188402
3.010087325,2.958820753
3.039059028,2.590769019
5.296839149,5.842916524
2.673557441,2.333178307
1.9325056,1.656462949
3.074006216,2.519656259
2.368880983,2.269216738
4.963120586,6.99358997
4.272965163,3.124366124
4.462403411,5.08188402
-
